ID,표기명,광역,남북,원명칭,유형,조선8도,인구,원인구,인구기준,해안,인접해역,섬,시작항구,농장,어장,공장,은행,정유,탄광,자체발전,발전원,특산물,비고,초기산출,식량생산
S001,서울 송파구,서울,남,서울특별시 송파구,구·구역,경기,64.9,649212,2026.8 주민등록,N,,,,0,0,0,2,0,0,0,,,,3387,0.0
S002,서울 강남구,서울,남,서울특별시 강남구,구·구역,경기,55.2,552357,2026.8 주민등록,N,,,,0,0,0,2,0,0,0,,,,3096,0.0
S003,서울 강서구,서울,남,서울특별시 강서구,구·구역,경기,54.8,547821,2026.8 주민등록,N,,,,0,0,0,1,0,0,0,,,,2244,0.0
S004,서울 강동구,서울,남,서울특별시 강동구,구·구역,경기,49.8,498222,2026.8 주민등록,N,,,,0,0,0,1,0,0,0,,,,2094,0.0
S005,서울 노원구,서울,남,서울특별시 노원구,구·구역,경기,48.0,480045,2026.8 주민등록,N,,,,0,0,0,1,0,0,0,,,,2040,0.0
S006,서울 관악구,서울,남,서울특별시 관악구,구·구역,경기,47.7,477297,2026.8 주민등록,N,,,,0,0,0,1,0,0,0,,,,2031,0.0
S007,서울 은평구,서울,남,서울특별시 은평구,구·구역,경기,45.3,452626,2026.8 주민등록,N,,,,0,0,0,1,0,0,0,,,,1959,0.0
S008,서울 성북구,서울,남,서울특별시 성북구,구·구역,경기,42.1,421106,2026.8 주민등록,N,,,,0,0,0,1,0,0,0,,,,1863,0.0
S009,서울 양천구,서울,남,서울특별시 양천구,구·구역,경기,42.0,420127,2026.8 주민등록,N,,,,0,0,0,1,0,0,0,,,,1860,0.0
S010,서울 서초구,서울,남,서울특별시 서초구,구·구역,경기,41.7,416928,2026.8 주민등록,N,,,,0,0,0,2,0,0,0,,,,2691,0.0
S011,서울 구로구,서울,남,서울특별시 구로구,구·구역,경기,38.2,382302,2026.8 주민등록,N,,,,0,0,1,1,0,0,0,,,,2746,0.0
S012,서울 중랑구,서울,남,서울특별시 중랑구,구·구역,경기,37.7,376504,2026.8 주민등록,N,,,,0,0,0,1,0,0,0,,,,1731,0.0
S013,서울 영등포구,서울,남,서울특별시 영등포구,구·구역,경기,37.1,371420,2026.8 주민등록,N,,,,0,0,1,2,0,0,0,,,,3553,0.0
S014,서울 동작구,서울,남,서울특별시 동작구,구·구역,경기,37.1,371324,2026.8 주민등록,N,,,,0,0,0,1,0,0,0,,,,1713,0.0
S015,서울 마포구,서울,남,서울특별시 마포구,구·구역,경기,35.6,356008,2026.8 주민등록,N,,,,0,0,0,2,0,0,0,,,,2508,0.0
S016,서울 동대문구,서울,남,서울특별시 동대문구,구·구역,경기,35.3,353448,2026.8 주민등록,N,,,,0,0,0,1,0,0,0,,,,1659,0.0
S017,서울 광진구,서울,남,서울특별시 광진구,구·구역,경기,33.1,330791,2026.8 주민등록,N,,,,0,0,0,1,0,0,0,,,,1593,0.0
S018,서울 서대문구,서울,남,서울특별시 서대문구,구·구역,경기,29.9,299492,2026.8 주민등록,N,,,,0,0,0,1,0,0,0,,,,1497,0.0
S019,서울 도봉구,서울,남,서울특별시 도봉구,구·구역,경기,29.8,297820,2026.8 주민등록,N,,,,0,0,0,1,0,0,0,,,,1494,0.0
S020,서울 강북구,서울,남,서울특별시 강북구,구·구역,경기,27.8,277509,2026.8 주민등록,N,,,,0,0,0,1,0,0,0,,,,1434,0.0
S021,서울 성동구,서울,남,서울특별시 성동구,구·구역,경기,27.4,274199,2026.8 주민등록,N,,,,0,0,1,1,0,0,0,,,,2422,0.0
S022,서울 금천구,서울,남,서울특별시 금천구,구·구역,경기,22.2,222368,2026.8 주민등록,N,,,,0,0,1,1,0,0,0,,,,2266,0.0
S023,서울 용산구,서울,남,서울특별시 용산구,구·구역,경기,19.9,199459,2026.8 주민등록,N,,,,0,0,0,1,0,0,0,,,,1197,0.0
S024,서울 종로구,서울,남,서울특별시 종로구,구·구역,경기,13.6,135935,2026.8 주민등록,N,,,,0,0,0,2,0,0,0,,,,1848,0.0
S025,서울 중구,서울,남,서울특별시 중구,구·구역,경기,11.7,117305,2026.8 주민등록,N,,,,0,0,0,2,0,0,0,,,,1791,0.0
S026,부산 해운대구,부산,남,부산광역시 해운대구,구·구역,경상,37.0,369727,2026.8 주민등록,Y,남동해,,,0,1,0,2,0,0,0,,,,2700,15.0
S027,부산 부산진구,부산,남,부산광역시 부산진구,구·구역,경상,36.4,364184,2026.8 주민등록,N,,,,0,0,0,2,0,0,0,,,,2532,0.0
S028,부산 사하구,부산,남,부산광역시 사하구,구·구역,경상,28.1,281184,2026.8 주민등록,Y,남동해,,,0,1,1,1,0,0,0,,,,2593,15.0
S029,부산 동래구,부산,남,부산광역시 동래구,구·구역,경상,27.1,270512,2026.8 주민등록,N,,,,0,0,0,1,0,0,0,,,,1413,0.0
S030,부산 북구,부산,남,부산광역시 북구,구·구역,경상,26.0,260069,2026.8 주민등록,N,,,,0,0,0,1,0,0,0,,,,1380,0.0
S031,부산 남구,부산,남,부산광역시 남구,구·구역,경상,25.5,254960,2026.8 주민등록,Y,남동해,,,0,1,0,1,0,0,0,,,,1515,15.0
S032,부산 연제구,부산,남,부산광역시 연제구,구·구역,경상,21.2,211603,2026.8 주민등록,N,,,,0,0,0,1,0,0,0,,,,1236,0.0
S033,부산 금정구,부산,남,부산광역시 금정구,구·구역,경상,20.5,205341,2026.8 주민등록,N,,,,0,0,0,1,0,0,0,,,,1215,0.0
S034,부산 사상구,부산,남,부산광역시 사상구,구·구역,경상,19.2,191912,2026.8 주민등록,N,,,,0,0,1,1,0,0,0,,,,2176,0.0
S035,부산 기장군,부산,남,부산광역시 기장군,군,경상,17.5,175482,2026.8 주민등록,Y,"남동해,동남해",,,1,2,1,1,0,0,3,원자력(고리),기장 멸치,,2635,51.0
S036,부산 수영구,부산,남,부산광역시 수영구,구·구역,경상,16.9,169336,2026.8 주민등록,Y,남동해,,,0,1,0,1,0,0,0,,,,1257,15.0
S037,부산 강서구,부산,남,부산광역시 강서구,구·구역,경상,15.5,154782,2026.8 주민등록,Y,남동해,,,1,1,2,1,0,0,0,,대저 토마토,,3765,30.0
S038,부산 서구,부산,남,부산광역시 서구,구·구역,경상,10.1,100964,2026.8 주민등록,Y,남동해,,,0,2,0,1,0,0,0,,공동어시장 고등어,,1263,36.0
S039,부산 영도구,부산,남,부산광역시 영도구,구·구역,경상,10.0,100170,2026.8 주민등록,Y,남동해,연륙 섬,,0,1,0,1,0,0,0,,,,1050,15.0
S040,부산 동구,부산,남,부산광역시 동구,구·구역,경상,8.3,83115,2026.8 주민등록,Y,남동해,,,0,1,0,1,0,0,0,,,,999,15.0
S041,부산 중구,부산,남,부산광역시 중구,구·구역,경상,3.6,36126,2026.8 주민등록,Y,남동해,,,0,1,0,2,0,0,0,,,,1698,15.0
S042,대구 달서구,대구,남,대구광역시 달서구,구·구역,경상,51.3,512577,2026.8 주민등록,N,,,,0,0,1,1,0,0,0,,,,3139,0.0
S043,대구 수성구,대구,남,대구광역시 수성구,구·구역,경상,40.8,407570,2026.8 주민등록,N,,,,0,0,0,2,0,0,0,,,,2664,0.0
S044,대구 북구,대구,남,대구광역시 북구,구·구역,경상,40.6,406214,2026.8 주민등록,N,,,,0,0,1,1,0,0,0,,,,2818,0.0
S045,대구 동구,대구,남,대구광역시 동구,구·구역,경상,33.9,338699,2026.8 주민등록,N,,,,0,0,0,1,0,0,0,,,,1617,0.0
S046,대구 달성군,대구,남,대구광역시 달성군,군,경상,25.2,251789,2026.8 주민등록,N,,,,1,0,2,1,0,0,0,,,,3906,15.0
S047,대구 서구,대구,남,대구광역시 서구,구·구역,경상,16.3,163319,2026.8 주민등록,N,,,,0,0,1,1,0,0,0,,,,2089,0.0
S048,대구 남구,대구,남,대구광역시 남구,구·구역,경상,14.2,141722,2026.8 주민등록,N,,,,0,0,0,1,0,0,0,,,,1026,0.0
S049,대구 중구,대구,남,대구광역시 중구,구·구역,경상,10.2,101894,2026.8 주민등록,N,,,,0,0,0,2,0,0,0,,,,1746,0.0
S050,대구 군위군,대구,남,대구광역시 군위군,군,경상,2.2,22493,2026.8 주민등록,N,,,,2,0,1,0,0,0,0,,군위 사과,,1426,36.0
S051,인천 부평구,인천,남,인천광역시 부평구,구·구역,경기,48.7,487282,2026.8 주민등록,N,,,,0,0,1,1,0,0,0,,,,3061,0.0
S052,인천 남동구,인천,남,인천광역시 남동구,구·구역,경기,47.9,478603,2026.8 주민등록,Y,서남해,,,0,1,2,1,0,0,0,,,,4587,15.0
S053,인천 미추홀구,인천,남,인천광역시 미추홀구,구·구역,경기,41.9,419123,2026.8 주민등록,Y,서남해,,,0,1,1,1,0,0,0,,,,3007,15.0
S054,인천 연수구,인천,남,인천광역시 연수구,구·구역,경기,41.0,410369,2026.8 주민등록,Y,서남해,,,0,1,0,2,0,0,0,,,,2820,15.0
S055,인천 서해구,인천,남,인천광역시 서해구,구·구역,경기,39.2,392072,2026.8 주민등록,Y,서남해,,,0,1,2,1,1,0,0,,,SK인천석유화학,4326,15.0
S056,인천 검단구,인천,남,인천광역시 검단구,구·구역,경기,27.6,276078,2026.8 주민등록,N,,,,0,0,1,1,0,0,0,,,,2428,0.0
S057,인천 계양구,인천,남,인천광역시 계양구,구·구역,경기,27.6,275966,2026.8 주민등록,N,,,,0,0,1,1,0,0,0,,,,2428,0.0
S058,인천 영종구,인천,남,인천광역시 영종구,구·구역,경기,13.9,138659,2026.8 주민등록,Y,서남해,연륙 섬,,0,1,0,1,0,0,0,,,,1167,15.0
S059,인천 제물포구,인천,남,인천광역시 제물포구,구·구역,경기,9.9,99217,2026.8 주민등록,Y,서남해,,,0,1,0,1,0,0,0,,,,1047,15.0
S060,인천 강화군,인천,남,인천광역시 강화군,군,경기,7.0,69541,2026.8 주민등록,Y,"서남해,서북해",연륙 섬,,2,1,0,0,0,0,0,,강화 순무,,720,51.0
S061,광주 북구,광주,남,전남광주통합특별시 북구,구·구역,전라,41.7,416582,2026.8 주민등록,N,,,,0,0,1,1,0,0,0,,,,2851,0.0
S062,광주 광산구,광주,남,전남광주통합특별시 광산구,구·구역,전라,38.3,382763,2026.8 주민등록,N,,,,1,0,2,1,0,0,0,,,,4299,15.0
S063,광주 서구,광주,남,전남광주통합특별시 서구,구·구역,전라,27.4,274234,2026.8 주민등록,N,,,,0,0,0,2,0,0,0,,,,2262,0.0
S064,광주 남구,광주,남,전남광주통합특별시 남구,구·구역,전라,20.5,205051,2026.8 주민등록,N,,,,0,0,0,1,0,0,0,,,,1215,0.0
S065,광주 동구,광주,남,전남광주통합특별시 동구,구·구역,전라,10.5,105328,2026.8 주민등록,N,,,,0,0,0,1,0,0,0,,,,915,0.0
S066,대전 서구,대전,남,대전광역시 서구,구·구역,충청,46.4,464238,2026.8 주민등록,N,,,,0,0,0,2,0,0,0,,,,2832,0.0
S067,대전 유성구,대전,남,대전광역시 유성구,구·구역,충청,37.3,373361,2026.8 주민등록,N,,,,0,0,1,2,0,0,0,,,,3559,0.0
S068,대전 중구,대전,남,대전광역시 중구,구·구역,충청,22.4,223664,2026.8 주민등록,N,,,,0,0,0,1,0,0,0,,,,1272,0.0
S069,대전 동구,대전,남,대전광역시 동구,구·구역,충청,21.8,217981,2026.8 주민등록,N,,,,0,0,0,1,0,0,0,,,,1254,0.0
S070,대전 대덕구,대전,남,대전광역시 대덕구,구·구역,충청,16.4,163594,2026.8 주민등록,N,,,,0,0,2,1,0,0,0,,,,3492,0.0
S071,울산 남구,울산,남,울산광역시 남구,구·구역,경상,30.5,304655,2026.8 주민등록,Y,동남해,,,0,0,2,2,1,0,0,,,SK에너지 울산CLX,4755,0.0
S072,울산 울주군,울산,남,울산광역시 울주군,군,경상,21.8,218342,2026.8 주민등록,Y,동남해,,,1,1,2,1,1,0,2,원자력(새울),울산 배,S-OIL 온산,3954,30.0
S073,울산 북구,울산,남,울산광역시 북구,구·구역,경상,21.3,213391,2026.8 주민등록,Y,동남해,,,0,1,2,1,0,0,0,,,,3789,15.0
S074,울산 중구,울산,남,울산광역시 중구,구·구역,경상,20.3,202545,2026.8 주민등록,N,,,,0,0,1,1,0,0,0,,,,2209,0.0
S075,울산 동구,울산,남,울산광역시 동구,구·구역,경상,14.7,147440,2026.8 주민등록,Y,동남해,,,0,1,2,1,0,0,0,,,,3591,15.0
S076,세종시,세종,남,세종특별자치시,시,충청,39.1,390738,2026.8 주민등록,N,,,,1,0,1,2,0,0,0,,조치원 복숭아,,3763,15.0
S077,경기 수원시,경기,남,경기도 수원시,시,경기,118.6,1185677,2026.8 주민등록,N,,,,0,0,2,2,0,0,0,,,,7398,0.0
S078,경기 용인시,경기,남,경기도 용인시,시,경기,109.1,1091437,2026.8 주민등록,N,,,,1,0,2,2,0,0,0,,,,7263,15.0
S079,경기 고양시,경기,남,경기도 고양시,시,경기,105.7,1056589,2026.8 주민등록,N,,,,0,0,1,2,0,0,0,,,,5611,0.0
S080,경기 화성시,경기,남,경기도 화성시,시,경기,100.0,1000464,2026.8 주민등록,Y,서남해,,,1,0,2,2,0,0,0,,송산 포도,,6990,15.0
S081,경기 성남시,경기,남,경기도 성남시,시,경기,90.0,899806,2026.8 주민등록,N,,,,0,0,1,2,0,0,0,,,,5140,0.0
S082,경기 부천시,경기,남,경기도 부천시,시,경기,75.4,754159,2026.8 주민등록,N,,,,0,0,1,1,0,0,0,,,,3862,0.0
S083,경기 남양주시,경기,남,경기도 남양주시,시,경기,72.7,727158,2026.8 주민등록,N,,,,1,0,1,1,0,0,0,,먹골배,,3931,15.0
S084,경기 평택시,경기,남,경기도 평택시,시,경기,62.3,622663,2026.8 주민등록,Y,서남해,,,2,0,2,1,0,0,0,,,,5229,36.0
S085,경기 안산시,경기,남,경기도 안산시,시,경기,60.8,608487,2026.8 주민등록,Y,서남해,,,0,1,2,1,0,0,0,,대부 포도,,4974,15.0
S086,경기 안양시,경기,남,경기도 안양시,시,경기,56.2,562007,2026.8 주민등록,N,,,,0,0,1,1,0,0,0,,,,3286,0.0
S087,경기 파주시,경기,남,경기도 파주시,시,경기,53.6,535692,2026.8 주민등록,N,,,,1,0,2,1,0,0,0,,장단콩,,4758,15.0
S088,경기 시흥시,경기,남,경기도 시흥시,시,경기,51.5,515337,2026.8 주민등록,Y,서남해,,,1,1,2,1,0,0,0,,,,4845,30.0
S089,경기 김포시,경기,남,경기도 김포시,시,경기,48.4,483679,2026.8 주민등록,Y,서남해,,,1,1,1,1,0,0,0,,김포 금쌀,,3352,30.0
S090,경기 의정부시,경기,남,경기도 의정부시,시,경기,46.2,461977,2026.8 주민등록,N,,,,0,0,1,1,0,0,0,,,,2986,0.0
S091,경기 광주시,경기,남,경기도 광주시,시,경기,40.1,401246,2026.8 주민등록,N,,,,1,0,1,1,0,0,0,,퇴촌 토마토,,2953,15.0
S092,경기 하남시,경기,남,경기도 하남시,시,경기,32.7,327389,2026.8 주민등록,N,,,,1,0,1,1,0,0,0,,,,2731,15.0
S093,경기 광명시,경기,남,경기도 광명시,시,경기,30.4,303641,2026.8 주민등록,N,,,,0,0,1,1,0,0,0,,,,2512,0.0
S094,경기 양주시,경기,남,경기도 양주시,시,경기,29.8,297605,2026.8 주민등록,N,,,,1,0,1,1,0,0,0,,,,2644,15.0
S095,경기 오산시,경기,남,경기도 오산시,시,경기,25.5,255303,2026.8 주민등록,N,,,,0,0,1,1,0,0,0,,,,2365,0.0
S096,경기 군포시,경기,남,경기도 군포시,시,경기,24.9,249066,2026.8 주민등록,N,,,,0,0,1,1,0,0,0,,,,2347,0.0
S097,경기 이천시,경기,남,경기도 이천시,시,경기,22.7,227032,2026.8 주민등록,N,,,,2,0,2,1,0,0,0,,이천 쌀,,4041,36.0
S098,경기 안성시,경기,남,경기도 안성시,시,경기,19.9,199484,2026.8 주민등록,N,,,,2,0,1,1,0,0,0,,안성 배,,2557,36.0
S099,경기 구리시,경기,남,경기도 구리시,시,경기,18.8,188134,2026.8 주민등록,N,,,,0,0,1,1,0,0,0,,,,2164,0.0
S100,경기 의왕시,경기,남,경기도 의왕시,시,경기,16.7,166540,2026.8 주민등록,N,,,,0,0,1,1,0,0,0,,,,2101,0.0
S101,경기 포천시,경기,남,경기도 포천시,시,경기,14.0,140397,2026.8 주민등록,N,,,,1,0,1,1,0,0,0,,,,2170,15.0
S102,경기 양평군,경기,남,경기도 양평군,군,경기,12.7,127137,2026.8 주민등록,N,,,,1,0,0,0,0,0,0,,,,531,15.0
S103,경기 여주시,경기,남,경기도 여주시,시,경기,11.3,113348,2026.8 주민등록,N,,,,2,0,1,1,0,0,0,,여주 고구마,,2299,36.0
S104,경기 동두천시,경기,남,경기도 동두천시,시,경기,8.6,86168,2026.8 주민등록,N,,,,0,0,1,1,0,0,0,,,,1858,0.0
S105,경기 과천시,경기,남,경기도 과천시,시,경기,8.1,81107,2026.8 주민등록,N,,,,0,0,1,1,0,0,0,,,,1843,0.0
S106,경기 가평군,경기,남,경기도 가평군,군,경기,6.2,62046,2026.8 주민등록,N,,,,1,0,0,0,0,0,0,,가평 잣,,336,15.0
S107,경기 연천군,경기,남,경기도 연천군,군,경기,4.3,43143,2026.8 주민등록,N,,,,1,0,0,0,0,0,0,,연천 율무,,279,15.0
S108,강원 원주시,강원,남,강원특별자치도 원주시,시,강원,36.5,365379,2026.8 주민등록,N,,,,1,0,1,1,0,0,0,,치악산 복숭아,,2845,15.0
S109,강원 춘천시,강원,남,강원특별자치도 춘천시,시,강원,28.5,284783,2026.8 주민등록,N,,,,1,0,1,1,0,0,0,,,,2605,15.0
S110,강원 강릉시,강원,남,강원특별자치도 강릉시,시,강원,20.5,205440,2026.8 주민등록,Y,동남해,,,1,1,1,1,0,0,0,강릉안인화력 소재(발전소 건설 −50%),주문진 오징어,,2515,30.0
S111,강원 철원군,강원,남북 병합,강원특별자치도 철원군 + 강원도 철원군,군,강원,13.3,남 39598 + 북 62418,남 2026.8 + 북 2008×1.5,N,,,,2,0,0,0,0,0,0,,철원 오대쌀,,759,36.0
S112,강원 고성군,강원,남북 병합,강원특별자치도 고성군 + 강원도 고성군,군,강원,11.9,남 27196 + 북 61277,남 2026.8 + 북 2008×1.5,Y,"동남해,동북해",,,1,2,0,0,0,0,0,,고성 명태,,867,51.0
S113,강원 동해시,강원,남,강원특별자치도 동해시,시,강원,8.6,85534,2026.8 주민등록,Y,동남해,,,0,1,1,1,0,0,0,,묵호 문어,,2008,15.0
S114,강원 속초시,강원,남,강원특별자치도 속초시,시,강원,7.9,78788,2026.8 주민등록,Y,동남해,,,0,2,0,1,0,0,0,,붉은대게,,1197,36.0
S115,강원 홍천군,강원,남,강원특별자치도 홍천군,군,강원,6.6,65817,2026.8 주민등록,N,,,,2,0,0,0,0,0,0,,홍천 찰옥수수,,558,36.0
S116,강원 삼척시,강원,남,강원특별자치도 삼척시,시,강원,6.0,60041,2026.8 주민등록,Y,동남해,,,1,1,1,1,0,2,0,삼척블루파워 소재(발전소 건설 −50%),삼척 곰치,,2080,30.0
S117,강원 횡성군,강원,남,강원특별자치도 횡성군,군,강원,4.5,45465,2026.8 주민등록,N,,,,1,0,0,0,0,0,0,,횡성 한우,,285,15.0
S118,강원 평창군,강원,남,강원특별자치도 평창군,군,강원,4.0,39849,2026.8 주민등록,N,,,,1,0,0,0,0,0,0,,평창 감자,,270,15.0
S119,강원 태백시,강원,남,강원특별자치도 태백시,시,강원,3.7,36680,2026.8 주민등록,N,,,,0,0,0,1,0,1,0,,고랭지 배추,,711,0.0
S120,강원 영월군,강원,남,강원특별자치도 영월군,군,강원,3.6,35651,2026.8 주민등록,N,,,,1,0,0,0,0,1,0,,영월 고추,,258,15.0
S121,강원 정선군,강원,남,강원특별자치도 정선군,군,강원,3.5,35137,2026.8 주민등록,N,,,,1,0,0,0,0,1,0,,정선 곤드레,,255,15.0
S122,강원 인제군,강원,남,강원특별자치도 인제군,군,강원,3.1,30692,2026.8 주민등록,N,,,,1,0,0,0,0,0,0,,인제 황태,,243,15.0
S123,강원 양양군,강원,남,강원특별자치도 양양군,군,강원,2.7,27350,2026.8 주민등록,Y,동남해,,,1,1,0,0,0,0,0,,양양 송이,,381,30.0
S124,강원 화천군,강원,남,강원특별자치도 화천군,군,강원,2.3,22908,2026.8 주민등록,N,,,,1,0,0,0,0,0,1,수력(화천댐),화천 산천어,,219,15.0
S125,강원 양구군,강원,남,강원특별자치도 양구군,군,강원,2.0,20354,2026.8 주민등록,N,,,,1,0,0,0,0,0,0,,양구 시래기,,210,15.0
N001,강원 원산시,강원,북,강원도 원산시,시,강원,54.5,363127,2008 센서스×1.5,Y,동북해,,,1,2,2,2,0,0,0,,원산 명태,,5985,51.0
N002,강원 문천시,강원,북,강원도 문천시,시,강원,18.4,122934,2008 센서스×1.5,Y,동북해,,,1,1,0,1,0,0,0,,문천 가자미,특산물: 지형·기후 기반 게임용 배정,1452,30.0
N003,강원 고산군,강원,북,강원도 고산군,군,강원,15.5,103579,2008 센서스×1.5,N,,,,1,0,0,0,0,0,0,,고산 사과,,615,15.0
N004,강원 안변군,강원,북,강원도 안변군,군,강원,14.1,93960,2008 센서스×1.5,Y,동북해,,,2,1,0,0,0,0,1,수력(안변청년),안변 배,특산물: 지형·기후 기반 게임용 배정,933,51.0
N005,강원 평강군,강원,북,강원도 평강군,군,강원,13.6,90425,2008 센서스×1.5,N,,,,2,0,0,0,0,0,0,,평강 감자,특산물: 지형·기후 기반 게임용 배정,768,36.0
N006,강원 통천군,강원,북,강원도 통천군,군,강원,13.4,89357,2008 센서스×1.5,Y,동북해,,,1,1,0,0,0,0,0,,통천 해삼,,702,30.0
N007,강원 천내군,강원,북,강원도 천내군,군,강원,12.8,85123,2008 센서스×1.5,Y,동북해,,,1,1,0,0,0,0,0,,,,684,30.0
N008,강원 세포군,강원,북,강원도 세포군,군,강원,9.2,61113,2008 센서스×1.5,N,,,,1,0,0,0,0,0,0,,세포 소고기,,426,15.0
N009,강원 이천군,강원,북,강원도 이천군,군,강원,8.6,57563,2008 센서스×1.5,N,,,,1,0,0,0,0,0,0,,,,408,15.0
N010,강원 김화군,강원,북,강원도 김화군,군,강원,8.5,56541,2008 센서스×1.5,N,,,,1,0,0,0,0,0,0,,,,405,15.0
N011,강원 금강군,강원,북,강원도 금강군,군,강원,8.1,54211,2008 센서스×1.5,N,,,,1,0,0,0,0,0,0,,금강산 송이,특산물: 지형·기후 기반 게임용 배정,393,15.0
N012,강원 창도군,강원,북,강원도 창도군,군,강원,7.7,51319,2008 센서스×1.5,N,,,,1,0,0,0,0,0,0,,,,381,15.0
N013,강원 판교군,강원,북,강원도 판교군,군,강원,7.1,47031,2008 센서스×1.5,N,,,,1,0,0,0,0,0,0,,,,363,15.0
N014,강원 회양군,강원,북,강원도 회양군,군,강원,6.4,42485,2008 센서스×1.5,N,,,,1,0,0,0,0,0,0,,,,342,15.0
N015,강원 법동군,강원,북,강원도 법동군,군,강원,5.3,35119,2008 센서스×1.5,N,,,,1,0,0,0,0,0,0,,,,309,15.0
S126,충북 청주시,충북,남,충청북도 청주시,시,충청,86.0,860215,2026.8 주민등록,N,,,,1,0,2,2,0,0,0,,,,6570,15.0
S127,충북 충주시,충북,남,충청북도 충주시,시,충청,20.6,205691,2026.8 주민등록,N,,,,2,0,1,1,0,0,1,수력(충주댐),충주 사과,,2578,36.0
S128,충북 제천시,충북,남,충청북도 제천시,시,충청,12.8,127898,2026.8 주민등록,N,,,,1,0,1,1,0,0,0,,제천 약초,,2134,15.0
S129,충북 음성군,충북,남,충청북도 음성군,군,충청,9.6,96114,2026.8 주민등록,N,,,,2,0,1,1,0,0,0,,음성 고추,,2248,36.0
S130,충북 진천군,충북,남,충청북도 진천군,군,충청,8.6,85649,2026.8 주민등록,N,,,,2,0,1,1,0,0,0,,생거진천 쌀,,2218,36.0
S131,충북 옥천군,충북,남,충청북도 옥천군,군,충청,5.1,50730,2026.8 주민등록,N,,,,1,0,0,0,0,0,0,,옥천 포도,,303,15.0
S132,충북 영동군,충북,남,충청북도 영동군,군,충청,4.3,43089,2026.8 주민등록,N,,,,1,0,0,0,0,0,0,,영동 곶감,,279,15.0
S133,충북 괴산군,충북,남,충청북도 괴산군,군,충청,3.7,37174,2026.8 주민등록,N,,,,2,0,0,0,0,0,0,,괴산 대학찰옥수수,,471,36.0
S134,충북 증평군,충북,남,충청북도 증평군,군,충청,3.7,36777,2026.8 주민등록,N,,,,1,0,1,0,0,0,0,,,,1261,15.0
S135,충북 보은군,충북,남,충청북도 보은군,군,충청,3.2,31549,2026.8 주민등록,N,,,,1,0,0,0,0,0,0,,보은 대추,,246,15.0
S136,충북 단양군,충북,남,충청북도 단양군,군,충청,2.6,26481,2026.8 주민등록,N,,,,1,0,0,0,0,0,0,,단양 마늘,,228,15.0
S137,충남 천안시,충남,남,충청남도 천안시,시,충청,66.7,666584,2026.8 주민등록,N,,,,1,0,2,2,0,0,0,,천안 호두,,5991,15.0
S138,충남 아산시,충남,남,충청남도 아산시,시,충청,36.5,365299,2026.8 주민등록,Y,서남해,,,1,0,2,1,0,0,0,,,,4245,15.0
S139,충남 당진시,충남,남,충청남도 당진시,시,충청,17.2,172423,2026.8 주민등록,Y,서남해,,,2,1,2,1,0,0,0,당진화력 소재(발전소 건설 −50%),해나루 쌀,,4026,51.0
S140,충남 서산시,충남,남,충청남도 서산시,시,충청,17.1,170780,2026.8 주민등록,Y,서남해,,,2,1,2,1,1,0,0,,서산 육쪽마늘,HD현대오일뱅크 대산,4023,51.0
S141,충남 논산시,충남,남,충청남도 논산시,시,충청,10.6,105655,2026.8 주민등록,N,,,,2,0,0,1,0,0,0,,논산 딸기,,1278,36.0
S142,충남 홍성군,충남,남,충청남도 홍성군,군,충청,10.2,101814,2026.8 주민등록,Y,서남해,,,2,1,1,1,0,0,0,,광천 새우젓,,2416,51.0
S143,충남 공주시,충남,남,충청남도 공주시,시,충청,9.9,99481,2026.8 주민등록,N,,,,2,0,0,1,0,0,0,,공주 밤,,1257,36.0
S144,충남 보령시,충남,남,충청남도 보령시,시,충청,9.1,91035,2026.8 주민등록,Y,서남해,,,1,2,1,1,0,1,0,보령화력 소재(발전소 건설 −50%),대천 키조개,,2383,51.0
S145,충남 예산군,충남,남,충청남도 예산군,군,충청,7.8,78133,2026.8 주민등록,N,,,,2,0,1,0,0,0,0,,예산 사과,,1594,36.0
S146,충남 태안군,충남,남,충청남도 태안군,군,충청,5.9,58858,2026.8 주민등록,Y,서남해,,,1,2,0,0,0,0,0,태안화력 소재(발전소 건설 −50%),안면도 대하,,687,51.0
S147,충남 부여군,충남,남,충청남도 부여군,군,충청,5.8,57591,2026.8 주민등록,N,,,,2,0,0,0,0,0,0,,부여 수박,,534,36.0
S148,충남 금산군,충남,남,충청남도 금산군,군,충청,4.9,48749,2026.8 주민등록,N,,,,1,0,0,0,0,0,0,,금산 인삼,,297,15.0
S149,충남 서천군,충남,남,충청남도 서천군,군,충청,4.7,46589,2026.8 주민등록,Y,서남해,,,1,2,0,0,0,0,0,신서천화력 소재(발전소 건설 −50%),서천 김,,651,51.0
S150,충남 계룡시,충남,남,충청남도 계룡시,시,충청,4.6,45937,2026.8 주민등록,N,,,,1,0,0,1,0,0,0,,,,888,15.0
S151,충남 청양군,충남,남,충청남도 청양군,군,충청,3.0,30010,2026.8 주민등록,N,,,,2,0,0,0,0,0,0,,청양 고추,,450,36.0
S152,전북 전주시,전북,남,전북특별자치도 전주시,시,전라,61.9,618908,2026.8 주민등록,N,,,,0,0,1,2,0,0,0,,,,4297,0.0
S153,전북 익산시,전북,남,전북특별자치도 익산시,시,전라,26.7,266639,2026.8 주민등록,N,,,,2,0,1,1,0,0,0,,익산 서동마,,2761,36.0
S154,전북 군산시,전북,남,전북특별자치도 군산시,시,전라,25.6,255517,2026.8 주민등록,Y,서남해,,,1,2,1,1,0,0,0,,군산 박대,,2878,51.0
S155,전북 완주군,전북,남,전북특별자치도 완주군,군,전라,10.1,100642,2026.8 주민등록,N,,,,1,0,1,1,0,0,0,,봉동 생강,,2053,15.0
S156,전북 정읍시,전북,남,전북특별자치도 정읍시,시,전라,10.1,100580,2026.8 주민등록,N,,,,2,0,0,1,0,0,0,,,,1263,36.0
S157,전북 김제시,전북,남,전북특별자치도 김제시,시,전라,8.2,81585,2026.8 주민등록,Y,서남해,,,2,1,0,1,0,0,0,,김제 지평선쌀,,1356,51.0
S158,전북 남원시,전북,남,전북특별자치도 남원시,시,전라,7.4,73604,2026.8 주민등록,N,,,,2,0,0,1,0,0,0,,남원 추어,,1182,36.0
S159,전북 고창군,전북,남,전북특별자치도 고창군,군,전라,5.0,50025,2026.8 주민등록,Y,서남해,,,2,1,0,0,0,0,0,,고창 복분자,,660,51.0
S160,전북 부안군,전북,남,전북특별자치도 부안군,군,전라,4.7,46952,2026.8 주민등록,Y,서남해,,,2,2,0,0,0,0,0,,곰소 젓갈,,861,72.0
S161,전북 순창군,전북,남,전북특별자치도 순창군,군,전라,2.8,27654,2026.8 주민등록,N,,,,1,0,0,0,0,0,0,,순창 고추,,234,15.0
S162,전북 임실군,전북,남,전북특별자치도 임실군,군,전라,2.5,25290,2026.8 주민등록,N,,,,1,0,0,0,0,0,0,,임실 치즈,,225,15.0
S163,전북 진안군,전북,남,전북특별자치도 진안군,군,전라,2.5,24930,2026.8 주민등록,N,,,,1,0,0,0,0,0,0,,진안 홍삼,,225,15.0
S164,전북 무주군,전북,남,전북특별자치도 무주군,군,전라,2.3,23455,2026.8 주민등록,N,,,,1,0,0,0,0,0,0,,무주 머루,,219,15.0
S165,전북 장수군,전북,남,전북특별자치도 장수군,군,전라,2.1,21184,2026.8 주민등록,N,,,,1,0,0,0,0,0,0,,장수 사과,,213,15.0
S166,전남 순천시,전남,남,전남광주통합특별시 순천시,시,전라,27.3,273399,2026.8 주민등록,Y,남서해,,,1,1,1,1,0,0,0,,순천만 짱뚱어,,2719,30.0
S167,전남 여수시,전남,남,전남광주통합특별시 여수시,시,전라,26.0,259857,2026.8 주민등록,Y,남서해,,,1,2,2,1,1,0,0,여수화력 소재(발전소 건설 −50%),돌산 갓,GS칼텍스 여수,4290,51.0
S168,전남 목포시,전남,남,전남광주통합특별시 목포시,시,전라,19.9,198981,2026.8 주민등록,Y,서남해,,,0,2,1,1,0,0,0,,목포 세발낙지,,2557,36.0
S169,전남 광양시,전남,남,전남광주통합특별시 광양시,시,전라,15.6,156052,2026.8 주민등록,Y,남서해,,,1,1,2,1,0,0,0,,광양 매실,,3768,30.0
S170,전남 나주시,전남,남,전남광주통합특별시 나주시,시,전라,11.7,116667,2026.8 주민등록,N,,,,2,0,1,1,0,0,0,,나주 배,,2311,36.0
S171,전남 무안군,전남,남,전남광주통합특별시 무안군,군,전라,9.6,95537,2026.8 주민등록,Y,서남해,,,2,1,0,1,0,0,0,,무안 양파,,1398,51.0
S172,전남 해남군,전남,남,전남광주통합특별시 해남군,군,전라,6.2,61883,2026.8 주민등록,Y,"서남해,남서해",,,2,1,0,0,0,0,0,,해남 배추,,696,51.0
S173,전남 화순군,전남,남,전남광주통합특별시 화순군,군,전라,6.0,59860,2026.8 주민등록,N,,,,1,0,0,0,0,1,0,,,,330,15.0
S174,전남 고흥군,전남,남,전남광주통합특별시 고흥군,군,전라,5.9,59011,2026.8 주민등록,Y,남서해,,,2,2,0,0,0,0,0,,고흥 유자,,897,72.0
S175,전남 영광군,전남,남,전남광주통합특별시 영광군,군,전라,5.4,53719,2026.8 주민등록,Y,서남해,,,2,2,0,0,0,0,2,원자력(한빛),영광 굴비,,882,72.0
S176,전남 영암군,전남,남,전남광주통합특별시 영암군,군,전라,5.0,49984,2026.8 주민등록,Y,서남해,,,2,1,1,0,0,0,0,,영암 무화과,,1660,51.0
S177,전남 완도군,전남,남,전남광주통합특별시 완도군,군,전라,4.4,44071,2026.8 주민등록,Y,남서해,연륙 섬,,1,2,0,0,0,0,0,,완도 전복,,642,51.0
S178,전남 담양군,전남,남,전남광주통합특별시 담양군,군,전라,4.4,43880,2026.8 주민등록,N,,,,2,0,0,0,0,0,0,,담양 죽순,,492,36.0
S179,전남 장성군,전남,남,전남광주통합특별시 장성군,군,전라,4.3,43079,2026.8 주민등록,N,,,,2,0,0,0,0,0,0,,장성 사과,,489,36.0
S180,전남 신안군,전남,남,전남광주통합특별시 신안군,군,전라,4.2,42384,2026.8 주민등록,Y,서남해,연륙 섬,,1,2,0,0,0,0,0,,신안 천일염,,636,51.0
S181,전남 보성군,전남,남,전남광주통합특별시 보성군,군,전라,3.8,38162,2026.8 주민등록,Y,남서해,,,2,1,0,0,0,0,0,,보성 녹차,,624,51.0
S182,전남 장흥군,전남,남,전남광주통합특별시 장흥군,군,전라,3.4,33877,2026.8 주민등록,Y,남서해,,,2,1,0,0,0,0,0,,장흥 표고,,612,51.0
S183,전남 강진군,전남,남,전남광주통합특별시 강진군,군,전라,3.2,31603,2026.8 주민등록,Y,남서해,,,2,1,0,0,0,0,0,,,,606,51.0
S184,전남 함평군,전남,남,전남광주통합특별시 함평군,군,전라,3.0,29753,2026.8 주민등록,Y,서남해,,,2,1,0,0,0,0,0,,함평 한우,,600,51.0
S185,전남 진도군,전남,남,전남광주통합특별시 진도군,군,전라,2.8,27773,2026.8 주민등록,Y,"서남해,남서해",연륙 섬,,1,2,0,0,0,0,0,,진도 대파,,594,51.0
S186,전남 곡성군,전남,남,전남광주통합특별시 곡성군,군,전라,2.8,27686,2026.8 주민등록,N,,,,1,0,0,0,0,0,0,,곡성 멜론,,234,15.0
S187,전남 구례군,전남,남,전남광주통합특별시 구례군,군,전라,2.5,24627,2026.8 주민등록,N,,,,1,0,0,0,0,0,0,,구례 산수유,,225,15.0
S188,경북 포항시,경북,남,경상북도 포항시,시,경상,48.7,486930,2026.8 주민등록,Y,동남해,,,1,2,2,1,0,0,0,,구룡포 과메기,,4971,51.0
S189,경북 구미시,경북,남,경상북도 구미시,시,경상,40.3,402596,2026.8 주민등록,N,,,,1,0,2,1,0,0,0,,,,4359,15.0
S190,경북 경산시,경북,남,경상북도 경산시,시,경상,26.3,263020,2026.8 주민등록,N,,,,1,0,1,1,0,0,0,,경산 대추,,2539,15.0
S191,경북 경주시,경북,남,경상북도 경주시,시,경상,24.3,242512,2026.8 주민등록,Y,동남해,,,2,1,1,1,0,0,2,원자력(월성),경주 한우,,2839,51.0
S192,경북 안동시,경북,남,경상북도 안동시,시,경상,15.1,151343,2026.8 주민등록,N,,,,2,0,1,1,0,0,0,,안동 간고등어,,2413,36.0
S193,경북 김천시,경북,남,경상북도 김천시,시,경상,13.2,132433,2026.8 주민등록,N,,,,2,0,1,1,0,0,0,,김천 자두,,2356,36.0
S194,경북 칠곡군,경북,남,경상북도 칠곡군,군,경상,10.3,103426,2026.8 주민등록,N,,,,1,0,1,1,0,0,0,,,,2059,15.0
S195,경북 영주시,경북,남,경상북도 영주시,시,경상,9.6,96237,2026.8 주민등록,N,,,,2,0,0,1,0,0,0,,풍기 인삼,,1248,36.0
S196,경북 영천시,경북,남,경상북도 영천시,시,경상,9.4,93605,2026.8 주민등록,N,,,,2,0,1,1,0,0,0,,영천 포도,,2242,36.0
S197,경북 상주시,경북,남,경상북도 상주시,시,경상,8.9,88920,2026.8 주민등록,N,,,,2,0,0,1,0,0,0,,상주 곶감,,1227,36.0
S198,경북 문경시,경북,남,경상북도 문경시,시,경상,6.5,64657,2026.8 주민등록,N,,,,1,0,0,1,0,1,0,,문경 오미자,,945,15.0
S199,경북 예천군,경북,남,경상북도 예천군,군,경상,5.3,53275,2026.8 주민등록,N,,,,2,0,0,0,0,0,0,,,,519,36.0
S200,경북 의성군,경북,남,경상북도 의성군,군,경상,4.8,47879,2026.8 주민등록,N,,,,2,0,0,0,0,0,0,,의성 마늘,,504,36.0
S201,경북 울진군,경북,남,경상북도 울진군,군,경상,4.6,46319,2026.8 주민등록,Y,동남해,,,1,2,0,0,0,0,3,원자력(한울),울진 대게,,648,51.0
S202,경북 성주군,경북,남,경상북도 성주군,군,경상,4.0,40293,2026.8 주민등록,N,,,,2,0,0,0,0,0,0,,성주 참외,,480,36.0
S203,경북 청도군,경북,남,경상북도 청도군,군,경상,4.0,39988,2026.8 주민등록,N,,,,1,0,0,0,0,0,0,,청도 반시,,270,15.0
S204,경북 영덕군,경북,남,경상북도 영덕군,군,경상,3.3,32511,2026.8 주민등록,Y,동남해,,,1,2,0,0,0,0,0,,영덕 대게,,609,51.0
S205,경북 고령군,경북,남,경상북도 고령군,군,경상,2.9,29429,2026.8 주민등록,N,,,,1,0,1,0,0,0,0,,고령 딸기,,1237,15.0
S206,경북 봉화군,경북,남,경상북도 봉화군,군,경상,2.8,28041,2026.8 주민등록,N,,,,1,0,0,0,0,0,0,,봉화 송이,,234,15.0
S207,경북 청송군,경북,남,경상북도 청송군,군,경상,2.5,24560,2026.8 주민등록,N,,,,1,0,0,0,0,0,0,,청송 사과,,225,15.0
S208,경북 영양군,경북,남,경상북도 영양군,군,경상,1.6,15956,2026.8 주민등록,N,,,,1,0,0,0,0,0,0,,영양 고추,,198,15.0
S209,경북 울릉군,경북,남,경상북도 울릉군,군,경상,0.9,8747,2026.8 주민등록,Y,"동남해,동북해",무연륙 섬,Y,1,2,0,0,0,0,0,,울릉 오징어,,537,51.0
S210,경남 창원시,경남,남,경상남도 창원시,시,경상,98.5,985013,2026.8 주민등록,Y,남동해,,,1,1,2,2,0,0,0,,창원 단감,,7095,30.0
S211,경남 김해시,경남,남,경상남도 김해시,시,경상,53.3,532854,2026.8 주민등록,N,,,,1,0,2,1,0,0,0,,,,4749,15.0
S212,경남 양산시,경남,남,경상남도 양산시,시,경상,36.1,361044,2026.8 주민등록,N,,,,0,0,1,1,0,0,0,,,,2683,0.0
S213,경남 진주시,경남,남,경상남도 진주시,시,경상,33.4,334017,2026.8 주민등록,N,,,,2,0,1,1,0,0,0,,진주 딸기,,2962,36.0
S214,경남 거제시,경남,남,경상남도 거제시,시,경상,22.9,228774,2026.8 주민등록,Y,남동해,연륙 섬,,1,2,2,1,0,0,0,,거제 대구,,4197,51.0
S215,경남 통영시,경남,남,경상남도 통영시,시,경상,11.6,115975,2026.8 주민등록,Y,남동해,,,1,2,1,1,0,0,0,,통영 굴,,2458,51.0
S216,경남 사천시,경남,남,경상남도 사천시,시,경상,10.8,107796,2026.8 주민등록,Y,남동해,,,1,2,1,1,0,0,0,,삼천포 쥐포,,2434,51.0
S217,경남 밀양시,경남,남,경상남도 밀양시,시,경상,9.8,98305,2026.8 주민등록,N,,,,2,0,1,1,0,0,0,,얼음골 사과,,2254,36.0
S218,경남 거창군,경남,남,경상남도 거창군,군,경상,5.9,58737,2026.8 주민등록,N,,,,2,0,0,0,0,0,0,,거창 사과,,537,36.0
S219,경남 함안군,경남,남,경상남도 함안군,군,경상,5.7,56655,2026.8 주민등록,N,,,,2,0,1,0,0,0,0,,함안 수박,,1531,36.0
S220,경남 창녕군,경남,남,경상남도 창녕군,군,경상,5.4,54173,2026.8 주민등록,N,,,,2,0,0,0,0,0,0,,창녕 양파,,522,36.0
S221,경남 고성군,경남,남,경상남도 고성군,군,경상,4.7,46712,2026.8 주민등록,Y,남동해,,,1,1,0,0,0,0,0,삼천포화력 소재(발전소 건설 −50%),,,441,30.0
S222,경남 남해군,경남,남,경상남도 남해군,군,경상,4.1,41073,2026.8 주민등록,Y,남동해,연륙 섬,,1,2,0,0,0,0,0,,죽방 멸치,,633,51.0
S223,경남 하동군,경남,남,경상남도 하동군,군,경상,4.0,39565,2026.8 주민등록,Y,"남동해,남서해",,,1,1,0,0,0,0,0,하동화력 소재(발전소 건설 −50%),하동 재첩,,420,30.0
S224,경남 합천군,경남,남,경상남도 합천군,군,경상,3.9,38732,2026.8 주민등록,N,,,,2,0,0,0,0,0,0,,,,477,36.0
S225,경남 함양군,경남,남,경상남도 함양군,군,경상,3.5,35074,2026.8 주민등록,N,,,,1,0,0,0,0,0,0,,함양 산양삼,,255,15.0
S226,경남 산청군,경남,남,경상남도 산청군,군,경상,3.3,32628,2026.8 주민등록,N,,,,1,0,0,0,0,0,0,,산청 약초,,249,15.0
S227,경남 의령군,경남,남,경상남도 의령군,군,경상,2.5,24518,2026.8 주민등록,N,,,,1,0,0,0,0,0,0,,,,225,15.0
S228,제주 제주시,제주,남,제주특별자치도 제주시,시,전라,48.4,484149,2026.8 주민등록,Y,"남서해,남동해",무연륙 섬,Y,1,2,1,2,0,0,0,,제주 흑돼지,,4402,51.0
S229,제주 서귀포시,제주,남,제주특별자치도 서귀포시,시,전라,17.9,178532,2026.8 주민등록,Y,"남서해,남동해",무연륙 섬,Y,2,2,1,1,0,0,0,,서귀포 감귤,,2857,72.0
N016,평양 만경대구역,평양,북,평양직할시 만경대구역,구·구역,평안,48.3,321690,2008 센서스×1.5,N,,,,0,0,0,2,0,0,0,,,,2889,0.0
N017,평양 락랑구역,평양,북,평양직할시 락랑구역,구·구역,평안,42.4,282681,2008 센서스×1.5,N,,,,1,0,1,1,0,0,0,,,,3022,15.0
N018,평양 강동군,평양,북,평양직할시 강동군,군,평안,33.2,221539,2008 센서스×1.5,N,,,,1,0,1,0,0,2,0,,,,2146,15.0
N019,평양 대동강구역,평양,북,평양직할시 대동강구역,구·구역,평안,31.1,207081,2008 센서스×1.5,N,,,,0,0,2,2,0,0,0,,대동강 숭어,,4773,0.0
N020,평양 룡성구역,평양,북,평양직할시 룡성구역,구·구역,평안,29.4,195891,2008 센서스×1.5,N,,,,1,0,1,1,0,0,0,,,,2632,15.0
N021,평양 평천구역,평양,북,평양직할시 평천구역,구·구역,평안,27.2,181142,2008 센서스×1.5,N,,,,0,0,2,2,0,0,0,평양화력 소재(발전소 건설 −50%),,,4656,0.0
N022,평양 형제산구역,평양,북,평양직할시 형제산구역,구·구역,평안,24.0,160032,2008 센서스×1.5,N,,,,1,0,1,1,0,0,0,,,,2470,15.0
N023,평양 선교구역,평양,북,평양직할시 선교구역,구·구역,평안,22.2,148209,2008 센서스×1.5,N,,,,0,0,1,1,0,0,0,,,,2266,0.0
N024,평양 서성구역,평양,북,평양직할시 서성구역,구·구역,평안,22.1,147138,2008 센서스×1.5,N,,,,0,0,1,2,0,0,0,,,,3103,0.0
N025,평양 동대원구역,평양,북,평양직할시 동대원구역,구·구역,평안,21.5,143561,2008 센서스×1.5,N,,,,0,0,1,1,0,0,0,동평양화력 소재(발전소 건설 −50%),,,2245,0.0
N026,평양 모란봉구역,평양,북,평양직할시 모란봉구역,구·구역,평안,21.5,143404,2008 센서스×1.5,N,,,,0,0,0,2,0,0,0,,,,2085,0.0
N027,평양 사동구역,평양,북,평양직할시 사동구역,구·구역,평안,21.1,140869,2008 센서스×1.5,N,,,,1,0,1,1,0,1,0,,,,2383,15.0
N028,평양 중구역,평양,북,평양직할시 중구역,구·구역,평안,19.7,131333,2008 센서스×1.5,N,,,,0,0,0,2,0,0,0,,옥류관 냉면,,2031,0.0
N029,평양 대성구역,평양,북,평양직할시 대성구역,구·구역,평안,17.4,115739,2008 센서스×1.5,N,,,,0,0,0,1,0,0,0,,,,1122,0.0
N030,평양 보통강구역,평양,북,평양직할시 보통강구역,구·구역,평안,15.8,105180,2008 센서스×1.5,N,,,,0,0,0,2,0,0,0,,,,1914,0.0
N031,평양 순안구역,평양,북,평양직할시 순안구역,구·구역,평안,13.8,91791,2008 센서스×1.5,N,,,,1,0,0,1,0,0,0,,,,1164,15.0
N032,평양 력포구역,평양,북,평양직할시 력포구역,구·구역,평안,12.4,82548,2008 센서스×1.5,N,,,,1,0,1,1,0,0,0,,,,2122,15.0
N033,평양 강남군,평양,북,평양직할시 강남군,군,평안,10.4,69279,2008 센서스×1.5,N,,,,2,0,0,0,0,0,0,,강남 채소,,672,36.0
N034,평양 삼석구역,평양,북,평양직할시 삼석구역,구·구역,평안,9.4,62790,2008 센서스×1.5,N,,,,1,0,0,1,0,0,0,,,,1032,15.0
N035,평양 은정구역,평양,북,평양직할시 은정구역,구·구역,평안,7.1,47569,2008 센서스×1.5,N,,,,0,0,0,1,0,0,0,,,,813,0.0
N036,남포 항구구역,남포,북,남포특별시 항구구역,구·구역,평안,55.0,366815,2008 센서스×1.5,Y,서북해,,,0,1,2,2,0,0,0,,,,5640,15.0
N037,남포 강서구역,남포,북,남포특별시 강서구역,구·구역,평안,28.7,191356,2008 센서스×1.5,N,,,,2,0,1,1,0,0,0,,강서 약수,,2821,36.0
N038,남포 온천군,남포,북,남포특별시 온천군,군,평안,22.5,149851,2008 센서스×1.5,Y,서북해,,,2,1,0,0,0,0,0,,온천 조개,,1185,51.0
N039,남포 천리마구역,남포,북,남포특별시 천리마구역,구·구역,평안,20.9,139489,2008 센서스×1.5,N,,,,0,0,1,1,0,0,0,,,,2227,0.0
N040,남포 대안구역,남포,북,남포특별시 대안구역,구·구역,평안,11.6,77219,2008 센서스×1.5,Y,서북해,,,0,0,1,1,0,0,0,,,,1948,0.0
N041,남포 룡강군,남포,북,남포특별시 룡강군,군,평안,8.8,58930,2008 센서스×1.5,Y,서북해,,,2,1,0,0,0,0,0,,,,774,51.0
N042,라선 라진구역,라선,북,라선특별시 라진구역,구·구역,함경,17.7,118172,2008 센서스×1.5 (라선 분할 추정),Y,동북해,,,0,2,1,2,0,0,0,,라진 해삼,,3331,36.0
N043,라선 선봉구역,라선,북,라선특별시 선봉구역,구·구역,함경,11.8,78782,2008 센서스×1.5 (라선 분할 추정),Y,동북해,,,1,1,2,1,1,0,0,선봉화력 소재(발전소 건설 −50%),선봉 가자미,승리화학공장 특산물: 지형·기후 기반 게임용 배정,3654,30.0
N044,평북 신의주시,평북,북,평안북도 신의주시,시,평안,53.9,359341,2008 센서스×1.5,Y,서북해,,,1,1,2,2,0,0,0,,,,5757,30.0
N045,평북 구성시,평북,북,평안북도 구성시,시,평안,29.5,196515,2008 센서스×1.5,N,,,,1,0,2,1,0,0,0,,,,4035,15.0
N046,평북 정주시,평북,북,평안북도 정주시,시,평안,28.5,189742,2008 센서스×1.5,Y,서북해,,,2,1,0,1,0,0,0,,,,1965,51.0
N047,평북 삭주군,평북,북,평안북도 삭주군,군,평안,24.0,159707,2008 센서스×1.5,N,,,,1,0,1,0,0,0,2,수력(수풍),삭주 옥수수,특산물: 지형·기후 기반 게임용 배정,1870,15.0
N048,평북 구장군,평북,북,평안북도 구장군,군,평안,20.9,139337,2008 센서스×1.5,N,,,,1,0,1,0,0,1,0,,,,1777,15.0
N049,평북 룡천군,평북,북,평안북도 룡천군,군,평안,20.3,135634,2008 센서스×1.5,Y,서북해,,,2,1,0,0,0,0,0,,룡천 쌀,,1119,51.0
N050,평북 선천군,평북,북,평안북도 선천군,군,평안,19.0,126350,2008 센서스×1.5,Y,서북해,,,2,1,0,0,0,0,0,,선천 굴,특산물: 지형·기후 기반 게임용 배정,1080,51.0
N051,평북 녕변군,평북,북,평안북도 녕변군,군,평안,17.1,113852,2008 센서스×1.5,N,,,,1,0,0,0,0,0,0,,녕변 밤,특산물: 지형·기후 기반 게임용 배정,663,15.0
N052,평북 염주군,평북,북,평안북도 염주군,군,평안,17.0,113620,2008 센서스×1.5,Y,서북해,,,2,1,0,0,0,0,0,,,,1020,51.0
N053,평북 피현군,평북,북,평안북도 피현군,군,평안,16.6,110637,2008 센서스×1.5,N,,,,1,0,1,0,1,0,0,,,봉화화학공장,1648,15.0
N054,평북 의주군,평북,북,평안북도 의주군,군,평안,16.5,110018,2008 센서스×1.5,N,,,,1,0,0,0,0,0,0,,의주 쌀,,645,15.0
N055,평북 태천군,평북,북,평안북도 태천군,군,평안,16.3,108894,2008 센서스×1.5,N,,,,1,0,0,0,0,0,1,수력(태천),태천 잣,특산물: 지형·기후 기반 게임용 배정,639,15.0
N056,평북 동림군,평북,북,평안북도 동림군,군,평안,15.7,104614,2008 센서스×1.5,N,,,,1,0,0,0,0,0,0,,,,621,15.0
N057,평북 운산군,평북,북,평안북도 운산군,군,평안,15.4,102928,2008 센서스×1.5,N,,,,1,0,0,0,0,0,0,,,,612,15.0
N058,평북 운전군,평북,북,평안북도 운전군,군,평안,15.2,101130,2008 센서스×1.5,Y,서북해,,,2,1,0,0,0,0,0,,,,966,51.0
N059,평북 박천군,평북,북,평안북도 박천군,군,평안,14.7,98128,2008 센서스×1.5,N,,,,2,0,0,0,0,0,0,,,,801,36.0
N060,평북 곽산군,평북,북,평안북도 곽산군,군,평안,14.6,97660,2008 센서스×1.5,Y,서북해,,,2,1,0,0,0,0,0,,,,948,51.0
N061,평북 철산군,평북,북,평안북도 철산군,군,평안,12.8,85525,2008 센서스×1.5,Y,서북해,,,2,1,0,0,0,0,0,,철산 조개,특산물: 지형·기후 기반 게임용 배정,894,51.0
N062,평북 대관군,평북,북,평안북도 대관군,군,평안,10.4,69565,2008 센서스×1.5,N,,,,1,0,0,0,0,0,0,,,,462,15.0
N063,평북 향산군,평북,북,평안북도 향산군,군,평안,7.9,52350,2008 센서스×1.5,N,,,,1,0,0,0,0,0,0,,,,387,15.0
N064,평북 천마군,평북,북,평안북도 천마군,군,평안,7.6,50462,2008 센서스×1.5,N,,,,1,0,0,0,0,0,0,,,,378,15.0
N065,평북 벽동군,평북,북,평안북도 벽동군,군,평안,5.3,35601,2008 센서스×1.5,N,,,,1,0,0,0,0,0,0,,,,309,15.0
N066,평북 동창군,평북,북,평안북도 동창군,군,평안,4.3,28665,2008 센서스×1.5,N,,,,1,0,0,0,0,0,0,,,,279,15.0
N067,평북 창성군,평북,북,평안북도 창성군,군,평안,4.0,26577,2008 센서스×1.5,N,,,,1,0,0,0,0,0,0,,,,270,15.0
N068,평북 신도군,평북,북,평안북도 신도군,군,평안,1.8,11810,2008 센서스×1.5,Y,서북해,연륙 섬,,1,2,0,0,0,0,0,,신도 새우,특산물: 지형·기후 기반 게임용 배정,564,51.0
N069,평남 개천시,평남,북,평안남도 개천시,시,평안,47.9,319554,2008 센서스×1.5,N,,,,0,0,1,1,0,2,0,,,,3037,0.0
N070,평남 순천시,평남,북,평안남도 순천시,시,평안,44.6,297317,2008 센서스×1.5,N,,,,1,0,2,1,0,3,0,,,,4488,15.0
N071,평남 평성시,평남,북,평안남도 평성시,시,평안,42.7,284386,2008 센서스×1.5,N,,,,1,0,1,2,0,0,0,,,,3871,15.0
N072,평남 안주시,평남,북,평안남도 안주시,시,평안,36.0,240117,2008 센서스×1.5,Y,서북해,,,1,1,2,1,0,3,0,청천강화력 소재(발전소 건설 −50%),,,4380,30.0
N073,평남 덕천시,평남,북,평안남도 덕천시,시,평안,35.6,237133,2008 센서스×1.5,N,,,,0,0,2,1,0,2,0,,,,4068,0.0
N074,평남 은산군,평남,북,평안남도 은산군,군,평안,31.0,206407,2008 센서스×1.5,N,,,,1,0,1,0,0,1,0,,,,2080,15.0
N075,평남 평원군,평남,북,평안남도 평원군,군,평안,26.9,179492,2008 센서스×1.5,Y,서북해,,,2,1,0,0,0,0,0,,평원 조개,특산물: 지형·기후 기반 게임용 배정,1317,51.0
N076,평남 숙천군,평남,북,평안남도 숙천군,군,평안,26.8,178509,2008 센서스×1.5,Y,서북해,,,2,1,0,0,0,0,0,,숙천 쌀,특산물: 지형·기후 기반 게임용 배정,1314,51.0
N077,평남 성천군,평남,북,평안남도 성천군,군,평안,22.5,149809,2008 센서스×1.5,N,,,,1,0,0,0,0,0,0,,성천 약초,,825,15.0
N078,평남 문덕군,평남,북,평안남도 문덕군,군,평안,22.1,147191,2008 센서스×1.5,Y,서북해,,,2,1,0,0,0,0,0,,,,1173,51.0
N079,평남 북창군,평남,북,평안남도 북창군,군,평안,20.9,139498,2008 센서스×1.5,N,,,,1,0,1,0,0,2,0,북창화력 소재(발전소 건설 −50%),,,1777,15.0
N080,평남 대동군,평남,북,평안남도 대동군,군,평안,19.5,129761,2008 센서스×1.5,N,,,,2,0,0,0,0,0,0,,,,945,36.0
N081,평남 증산군,평남,북,평안남도 증산군,군,평안,17.0,113613,2008 센서스×1.5,Y,서북해,,,2,1,0,0,0,0,0,,증산 소금,특산물: 지형·기후 기반 게임용 배정,1020,51.0
N082,평남 회창군,평남,북,평안남도 회창군,군,평안,13.5,89959,2008 센서스×1.5,N,,,,1,0,0,0,0,0,0,,,,555,15.0
N083,평남 청남구,평남,북,평안남도 청남구,군,평안,11.0,73290,2008 센서스×1.5,N,,,,1,0,1,0,0,2,0,,,,1480,15.0
N084,평남 양덕군,평남,북,평안남도 양덕군,군,평안,9.2,61355,2008 센서스×1.5,N,,,,1,0,0,0,0,0,0,,양덕 산나물,특산물: 지형·기후 기반 게임용 배정,426,15.0
N085,평남 신양군,평남,북,평안남도 신양군,군,평안,8.9,59115,2008 센서스×1.5,N,,,,1,0,0,0,0,0,0,,,,417,15.0
N086,평남 득장지구,평남,북,평안남도 득장지구,군,평안,7.5,50033,2008 센서스×1.5,N,,,,1,0,1,0,0,2,0,,,,1375,15.0
N087,평남 맹산군,평남,북,평안남도 맹산군,군,평안,7.2,48155,2008 센서스×1.5,N,,,,1,0,0,0,0,0,0,,맹산 꿀,특산물: 지형·기후 기반 게임용 배정,366,15.0
N088,평남 대흥군,평남,북,평안남도 대흥군,군,평안,4.9,32915,2008 센서스×1.5,N,,,,1,0,0,0,0,0,0,,,,297,15.0
N089,평남 녕원군,평남,북,평안남도 녕원군,군,평안,4.6,30427,2008 센서스×1.5,N,,,,1,0,0,0,0,0,1,수력(녕원),,,288,15.0
N090,황북 개성시,황북,북,황해북도 개성시,시,경기,46.3,308440,2008 센서스×1.5,Y,서북해,,,1,0,2,2,0,0,0,,개성 인삼,,5379,15.0
N091,황북 사리원시,황북,북,황해북도 사리원시,시,황해,46.2,307764,2008 센서스×1.5,N,,,,1,0,2,1,0,0,0,,,,4536,15.0
N092,황북 황주군,황북,북,황해북도 황주군,군,황해,23.3,155215,2008 센서스×1.5,N,,,,2,0,0,0,0,0,0,,황주 사과,,1059,36.0
N093,황북 송림시,황북,북,황해북도 송림시,시,황해,19.3,128831,2008 센서스×1.5,N,,,,0,0,2,1,0,0,0,,,,3579,0.0
N094,황북 봉산군,황북,북,황해북도 봉산군,군,황해,18.7,124745,2008 센서스×1.5,N,,,,2,0,0,0,0,0,0,,봉산 배,특산물: 지형·기후 기반 게임용 배정,921,36.0
N095,황북 평산군,황북,북,황해북도 평산군,군,황해,18.5,123646,2008 센서스×1.5,N,,,,2,0,0,0,0,0,0,,평산 인삼,특산물: 지형·기후 기반 게임용 배정,915,36.0
N096,황북 곡산군,황북,북,황해북도 곡산군,군,황해,18.1,120693,2008 센서스×1.5,N,,,,1,0,0,0,0,0,0,,,,693,15.0
N097,황북 은파군,황북,북,황해북도 은파군,군,황해,16.6,110988,2008 센서스×1.5,N,,,,2,0,0,0,0,0,0,,,,858,36.0
N098,황북 서흥군,황북,북,황해북도 서흥군,군,황해,15.1,100887,2008 센서스×1.5,N,,,,2,0,0,0,0,0,0,,서흥 감자,특산물: 지형·기후 기반 게임용 배정,813,36.0
N099,황북 상원군,황북,북,황해북도 상원군,군,평안,13.9,92831,2008 센서스×1.5,N,,,,2,0,0,0,0,0,0,,,,777,36.0
N100,황북 승호구역,황북,북,황해북도 승호구역,군,평안,12.8,85624,2008 센서스×1.5,N,,,,1,0,1,0,0,0,0,,,,1534,15.0
N101,황북 신계군,황북,북,황해북도 신계군,군,황해,11.8,78573,2008 센서스×1.5,N,,,,1,0,0,0,0,0,0,,신계 밤,특산물: 지형·기후 기반 게임용 배정,504,15.0
N102,황북 중화군,황북,북,황해북도 중화군,군,평안,11.6,77367,2008 센서스×1.5,N,,,,2,0,0,0,0,0,0,,,,708,36.0
N103,황북 수안군,황북,북,황해북도 수안군,군,황해,11.5,76890,2008 센서스×1.5,N,,,,1,0,0,0,0,0,0,,수안 잣,특산물: 지형·기후 기반 게임용 배정,495,15.0
N104,황북 연탄군,황북,북,황해북도 연탄군,군,황해,11.0,73032,2008 센서스×1.5,N,,,,2,0,0,0,0,0,0,,,,690,36.0
N105,황북 린산군,황북,북,황해북도 린산군,군,황해,11.0,73626,2008 센서스×1.5,N,,,,2,0,0,0,0,0,0,,,,690,36.0
N106,황북 장풍군,황북,북,황해북도 장풍군,군,경기,10.4,69104,2008 센서스×1.5,N,,,,1,0,0,0,0,0,0,,,,462,15.0
N107,황북 금천군,황북,북,황해북도 금천군,군,황해,10.2,68216,2008 센서스×1.5,N,,,,1,0,0,0,0,0,0,,,,456,15.0
N108,황북 연산군,황북,북,황해북도 연산군,군,황해,10.0,66568,2008 센서스×1.5,N,,,,1,0,0,0,0,0,0,,,,450,15.0
N109,황북 신평군,황북,북,황해북도 신평군,군,황해,9.6,63727,2008 센서스×1.5,N,,,,1,0,0,0,0,0,0,,,,438,15.0
N110,황북 토산군,황북,북,황해북도 토산군,군,황해,9.4,62727,2008 센서스×1.5,N,,,,1,0,0,0,0,0,0,,,,432,15.0
N111,황남 옹진군,황남,남북 병합,황해남도 옹진군 + 인천광역시 옹진군,군,황해,24.9,남 19275 + 북 152878,북 2008×1.5 + 남 2026.8,Y,"서북해,서남해",,,1,2,0,0,0,0,0,영흥화력(옛 인천 옹진) 소재(발전소 건설 −50%),연평·옹진 꽃게,,1257,51.0
N112,황남 해주시,황남,북,황해남도 해주시,시,황해,41.0,273300,2008 센서스×1.5,Y,서북해,,,1,1,2,1,0,0,0,,해주 굴,특산물: 지형·기후 기반 게임용 배정,4530,30.0
N113,황남 배천군,황남,북,황해남도 배천군,군,황해,24.0,159825,2008 센서스×1.5,Y,서북해,,,2,1,0,0,0,0,0,,,,1230,51.0
N114,황남 연안군,황남,북,황해남도 연안군,군,황해,23.8,158845,2008 센서스×1.5,Y,서북해,,,2,1,0,0,0,0,0,,연백 쌀,,1224,51.0
N115,황남 청단군,황남,북,황해남도 청단군,군,황해,21.4,142607,2008 센서스×1.5,Y,서북해,,,2,1,0,0,0,0,0,,청단 소금,특산물: 지형·기후 기반 게임용 배정,1152,51.0
N116,황남 신천군,황남,북,황해남도 신천군,군,황해,21.2,141407,2008 센서스×1.5,N,,,,2,0,0,0,0,0,0,,신천 쌀,,996,36.0
N117,황남 안악군,황남,북,황해남도 안악군,군,황해,18.9,125924,2008 센서스×1.5,N,,,,2,0,0,0,0,0,0,,안악 참외,특산물: 지형·기후 기반 게임용 배정,927,36.0
N118,황남 재령군,황남,북,황해남도 재령군,군,황해,18.8,125631,2008 센서스×1.5,N,,,,2,0,0,0,0,0,0,,나무리벌 쌀,,924,36.0
N119,황남 은률군,황남,북,황해남도 은률군,군,황해,16.2,107997,2008 센서스×1.5,Y,서북해,,,1,1,0,0,0,0,0,,은률 밤,특산물: 지형·기후 기반 게임용 배정,786,30.0
N120,황남 강령군,황남,북,황해남도 강령군,군,황해,16.0,106827,2008 센서스×1.5,Y,서북해,,,1,2,0,0,0,0,0,,강령 소금,특산물: 지형·기후 기반 게임용 배정,990,51.0
N121,황남 은천군,황남,북,황해남도 은천군,군,황해,14.3,95597,2008 센서스×1.5,N,,,,2,0,0,0,0,0,0,,,,789,36.0
N122,황남 장연군,황남,북,황해남도 장연군,군,황해,13.7,91422,2008 센서스×1.5,Y,서북해,,,2,1,0,0,0,0,0,,,,921,51.0
N123,황남 벽성군,황남,북,황해남도 벽성군,군,황해,13.6,90753,2008 센서스×1.5,Y,서북해,,,2,1,0,0,0,0,0,,,,918,51.0
N124,황남 룡연군,황남,북,황해남도 룡연군,군,황해,13.5,90102,2008 센서스×1.5,Y,서북해,,,2,1,0,0,0,0,0,,몽금포 전복,특산물: 지형·기후 기반 게임용 배정,915,51.0
N125,황남 과일군,황남,북,황해남도 과일군,군,황해,13.5,89895,2008 센서스×1.5,Y,서북해,,,2,1,0,0,0,0,0,,과일군 사과,,915,51.0
N126,황남 삼천군,황남,북,황해남도 삼천군,군,황해,12.9,86042,2008 센서스×1.5,N,,,,2,0,0,0,0,0,0,,,,747,36.0
N127,황남 신원군,황남,북,황해남도 신원군,군,황해,12.5,83161,2008 센서스×1.5,N,,,,2,0,0,0,0,0,0,,,,735,36.0
N128,황남 봉천군,황남,북,황해남도 봉천군,군,황해,12.0,79740,2008 센서스×1.5,N,,,,2,0,0,0,0,0,0,,,,720,36.0
N129,황남 태탄군,황남,북,황해남도 태탄군,군,황해,9.6,64258,2008 센서스×1.5,Y,서북해,,,1,1,0,0,0,0,0,,,,588,30.0
N130,황남 송화군,황남,북,황해남도 송화군,군,황해,6.6,44274,2008 센서스×1.5,Y,서북해,,,2,1,0,0,0,0,0,,,,708,51.0
N131,함남 함흥시,함남,북,함경남도 함흥시,시,함경,115.3,768551,2008 센서스×1.5,Y,동북해,,,0,1,2,2,0,0,0,,함흥 농마국수,,7449,15.0
N132,함남 단천시,함남,북,함경남도 단천시,시,함경,51.9,345875,2008 센서스×1.5,Y,동북해,,,1,1,2,1,0,0,0,,단천 가자미,특산물: 지형·기후 기반 게임용 배정,4857,30.0
N133,함남 금야군,함남,북,함경남도 금야군,군,함경,31.7,211140,2008 센서스×1.5,Y,동북해,,,2,1,1,0,0,0,0,,,,2461,51.0
N134,함남 정평군,함남,북,함경남도 정평군,군,함경,26.9,179114,2008 센서스×1.5,Y,동북해,,,2,1,0,0,0,0,0,,정평 조개,특산물: 지형·기후 기반 게임용 배정,1317,51.0
N135,함남 북청군,함남,북,함경남도 북청군,군,함경,24.3,161886,2008 센서스×1.5,Y,동북해,,,1,1,0,0,0,0,0,,북청 사과,,1029,30.0
N136,함남 신포시,함남,북,함경남도 신포시,시,함경,22.9,152759,2008 센서스×1.5,Y,동북해,,,1,2,1,1,0,0,0,,신포 명태,,2797,51.0
N137,함남 홍원군,함남,북,함경남도 홍원군,군,함경,21.4,142910,2008 센서스×1.5,Y,동북해,,,1,2,0,0,0,0,0,,홍원 도루묵,,1152,51.0
N138,함남 함주군,함남,북,함경남도 함주군,군,함경,20.1,133896,2008 센서스×1.5,Y,동북해,,,2,1,0,0,0,0,0,,,,1113,51.0
N139,함남 리원군,함남,북,함경남도 리원군,군,함경,17.6,117320,2008 센서스×1.5,Y,동북해,,,1,1,0,0,0,0,0,,리원 명란,특산물: 지형·기후 기반 게임용 배정,828,30.0
N140,함남 허천군,함남,북,함경남도 허천군,군,함경,15.7,104731,2008 센서스×1.5,N,,,,1,0,0,0,0,0,1,수력(허천강),,,621,15.0
N141,함남 신흥군,함남,북,함경남도 신흥군,군,함경,15.6,104002,2008 센서스×1.5,N,,,,1,0,0,0,0,0,0,,,,618,15.0
N142,함남 영광군,함남,북,함경남도 영광군,군,함경,15.5,103532,2008 센서스×1.5,N,,,,1,0,0,0,0,0,0,,,,615,15.0
N143,함남 덕성군,함남,북,함경남도 덕성군,군,함경,14.6,97617,2008 센서스×1.5,N,,,,1,0,0,0,0,0,0,,,,588,15.0
N144,함남 수동구,함남,북,함경남도 수동구,군,함경,14.4,95716,2008 센서스×1.5,N,,,,1,0,1,0,0,1,0,,,,1582,15.0
N145,함남 고원군,함남,북,함경남도 고원군,군,함경,14.2,94963,2008 센서스×1.5,N,,,,1,0,1,0,0,2,0,,,,1576,15.0
N146,함남 장진군,함남,북,함경남도 장진군,군,함경,9.7,64681,2008 센서스×1.5,N,,,,1,0,0,0,0,0,1,수력(장진강),장진 감자,특산물: 지형·기후 기반 게임용 배정,441,15.0
N147,함남 락원군,함남,북,함경남도 락원군,군,함경,9.1,60700,2008 센서스×1.5,N,,,,1,0,0,0,0,0,0,,,,423,15.0
N148,함남 부전군,함남,북,함경남도 부전군,군,함경,7.3,48351,2008 센서스×1.5,N,,,,1,0,0,0,0,0,1,수력(부전강),,,369,15.0
N149,함남 요덕군,함남,북,함경남도 요덕군,군,함경,6.1,40839,2008 센서스×1.5,N,,,,1,0,0,0,0,0,0,,요덕 꿀,특산물: 지형·기후 기반 게임용 배정,333,15.0
N150,함남 금호지구,함남,북,함경남도 금호지구,군,함경,5.6,37430,2008 센서스×1.5,N,,,,1,0,0,0,0,0,0,,,,318,15.0
N151,함북 청진시,함북,북,함경북도 청진시,시,함경,100.2,667929,2008 센서스×1.5,Y,동북해,,,0,2,2,2,0,0,0,청진화력 소재(발전소 건설 −50%),청진 도루묵,특산물: 지형·기후 기반 게임용 배정,7206,36.0
N152,함북 김책시,함북,북,함경북도 김책시,시,함경,31.1,207299,2008 센서스×1.5,Y,동북해,,,1,2,2,1,0,0,0,,김책 털게,,4443,51.0
N153,함북 회령시,함북,북,함경북도 회령시,시,함경,23.0,153532,2008 센서스×1.5,N,,,,1,0,1,1,0,1,0,,회령 백살구,,2440,15.0
N154,함북 길주군,함북,북,함경북도 길주군,군,함경,21.0,139932,2008 센서스×1.5,N,,,,1,0,0,0,0,0,0,,,,780,15.0
N155,함북 온성군,함북,북,함경북도 온성군,군,함경,19.2,127893,2008 센서스×1.5,N,,,,1,0,1,0,0,2,0,,,,1726,15.0
N156,함북 무산군,함북,북,함경북도 무산군,군,함경,18.6,123721,2008 센서스×1.5,N,,,,1,0,1,0,0,0,0,,무산 감자,특산물: 지형·기후 기반 게임용 배정,1708,15.0
N157,함북 경원군,함북,북,함경북도 경원군,군,함경,16.1,107327,2008 센서스×1.5,N,,,,1,0,0,0,0,1,0,,,,633,15.0
N158,함북 경성군,함북,북,함경북도 경성군,군,함경,15.9,105909,2008 센서스×1.5,Y,동북해,,,1,1,0,0,0,0,0,,경성 가자미,특산물: 지형·기후 기반 게임용 배정,777,30.0
N159,함북 명간군,함북,북,함경북도 명간군,군,함경,14.9,99557,2008 센서스×1.5,N,,,,1,0,0,0,0,1,0,,,,597,15.0
N160,함북 경흥군,함북,북,함경북도 경흥군,군,함경,13.4,89244,2008 센서스×1.5,N,,,,1,0,1,0,0,2,0,,,,1552,15.0
N161,함북 어랑군,함북,북,함경북도 어랑군,군,함경,13.2,87757,2008 센서스×1.5,Y,동북해,,,1,1,0,0,0,0,1,수력(어랑천),,,696,30.0
N162,함북 화대군,함북,북,함경북도 화대군,군,함경,10.2,67677,2008 센서스×1.5,Y,동북해,,,1,1,0,0,0,0,0,,화대 명태,특산물: 지형·기후 기반 게임용 배정,606,30.0
N163,함북 명천군,함북,북,함경북도 명천군,군,함경,9.9,65797,2008 센서스×1.5,Y,동북해,,,1,1,0,0,0,0,0,,칠보산 송이,,597,30.0
N164,함북 부령군,함북,북,함경북도 부령군,군,함경,7.3,48958,2008 센서스×1.5,N,,,,1,0,0,0,0,0,0,,,,369,15.0
N165,함북 연사군,함북,북,함경북도 연사군,군,함경,5.7,37876,2008 센서스×1.5,N,,,,1,0,0,0,0,0,0,,,,321,15.0
N166,자강 강계시,자강,북,자강도 강계시,시,평안,37.8,251971,2008 센서스×1.5,N,,,,0,0,2,1,0,0,0,,강계 포도,,4134,0.0
N167,자강 희천시,자강,북,자강도 희천시,시,평안,25.2,168180,2008 센서스×1.5,N,,,,1,0,2,1,0,0,1,수력(희천),희천 버섯,특산물: 지형·기후 기반 게임용 배정,3906,15.0
N168,자강 만포시,자강,북,자강도 만포시,시,평안,17.5,116760,2008 센서스×1.5,N,,,,1,0,1,1,0,0,0,,만포 약초,특산물: 지형·기후 기반 게임용 배정,2275,15.0
N169,자강 전천군,자강,북,자강도 전천군,군,평안,15.9,106311,2008 센서스×1.5,N,,,,1,0,1,0,0,0,0,,,,1627,15.0
N170,자강 성간군,자강,북,자강도 성간군,군,평안,13.9,92952,2008 센서스×1.5,N,,,,1,0,1,0,0,0,0,,,,1567,15.0
N171,자강 위원군,자강,북,자강도 위원군,군,평안,9.0,60245,2008 센서스×1.5,N,,,,1,0,0,0,0,0,0,,위원 잣,특산물: 지형·기후 기반 게임용 배정,420,15.0
N172,자강 장강군,자강,북,자강도 장강군,군,평안,8.2,54601,2008 센서스×1.5,N,,,,1,0,0,0,0,0,0,,,,396,15.0
N173,자강 자성군,자강,북,자강도 자성군,군,평안,7.6,50939,2008 센서스×1.5,N,,,,1,0,0,0,0,0,1,수력(운봉),자성 산삼,특산물: 지형·기후 기반 게임용 배정,378,15.0
N174,자강 동신군,자강,북,자강도 동신군,군,평안,7.1,47460,2008 센서스×1.5,N,,,,1,0,0,0,0,0,0,,,,363,15.0
N175,자강 초산군,자강,북,자강도 초산군,군,평안,6.5,43614,2008 센서스×1.5,N,,,,1,0,0,0,0,0,0,,,,345,15.0
N176,자강 우시군,자강,북,자강도 우시군,군,평안,6.4,42919,2008 센서스×1.5,N,,,,1,0,0,0,0,0,0,,,,342,15.0
N177,자강 화평군,자강,북,자강도 화평군,군,평안,6.3,42183,2008 센서스×1.5,N,,,,1,0,0,0,0,0,0,,,,339,15.0
N178,자강 시중군,자강,북,자강도 시중군,군,평안,6.3,41842,2008 센서스×1.5,N,,,,1,0,0,0,0,0,0,,,,339,15.0
N179,자강 중강군,자강,북,자강도 중강군,군,평안,6.2,41022,2008 센서스×1.5,N,,,,1,0,0,0,0,0,0,,,,336,15.0
N180,자강 송원군,자강,북,자강도 송원군,군,평안,5.7,38051,2008 센서스×1.5,N,,,,1,0,0,0,0,0,0,,,,321,15.0
N181,자강 랑림군,자강,북,자강도 랑림군,군,평안,5.5,36481,2008 센서스×1.5,N,,,,1,0,0,0,0,0,0,,,,315,15.0
N182,자강 룡림군,자강,북,자강도 룡림군,군,평안,4.9,32727,2008 센서스×1.5,N,,,,1,0,0,0,0,0,0,,,,297,15.0
N183,자강 고풍군,자강,북,자강도 고풍군,군,평안,4.7,31572,2008 센서스×1.5,N,,,,1,0,0,0,0,0,0,,,,291,15.0
N184,양강 혜산시,양강,북,량강도 혜산시,시,함경,28.9,192680,2008 센서스×1.5,N,,,,1,0,1,1,0,0,0,,백두산 약초,특산물: 지형·기후 기반 게임용 배정,2617,15.0
N185,양강 갑산군,양강,북,량강도 갑산군,군,함경,10.6,70611,2008 센서스×1.5,N,,,,1,0,0,0,0,0,0,,갑산 꿀,특산물: 지형·기후 기반 게임용 배정,468,15.0
N186,양강 백암군,양강,북,량강도 백암군,군,함경,10.2,67683,2008 센서스×1.5,N,,,,1,0,0,0,0,0,0,,백암 버섯,특산물: 지형·기후 기반 게임용 배정,456,15.0
N187,양강 운흥군,양강,북,량강도 운흥군,군,함경,9.3,61705,2008 센서스×1.5,N,,,,1,0,1,0,0,0,0,,,,1429,15.0
N188,양강 김형직군,양강,북,량강도 김형직군,군,함경,8.7,57729,2008 센서스×1.5,N,,,,1,0,0,0,0,0,0,,,,411,15.0
N189,양강 풍서군,양강,북,량강도 풍서군,군,함경,6.6,44112,2008 센서스×1.5,N,,,,1,0,0,0,0,0,0,,,,348,15.0
N190,양강 김정숙군,양강,북,량강도 김정숙군,군,함경,6.4,42618,2008 센서스×1.5,N,,,,1,0,0,0,0,0,0,,,,342,15.0
N191,양강 삼수군,양강,북,량강도 삼수군,군,함경,6.0,40311,2008 센서스×1.5,N,,,,1,0,0,0,0,0,0,,,,330,15.0
N192,양강 김형권군,양강,북,량강도 김형권군,군,함경,5.6,37528,2008 센서스×1.5,N,,,,1,0,0,0,0,0,0,,,,318,15.0
N193,양강 보천군,양강,북,량강도 보천군,군,함경,5.6,37225,2008 센서스×1.5,N,,,,1,0,0,0,0,0,0,,,,318,15.0
N194,양강 대홍단군,양강,북,량강도 대홍단군,군,함경,5.3,35596,2008 센서스×1.5,N,,,,2,0,0,0,0,0,0,,대홍단 감자,,519,36.0
N195,양강 삼지연시,양강,북,량강도 삼지연시,시,함경,4.7,31471,2008 센서스×1.5,N,,,,1,0,0,1,0,0,0,,삼지연 들쭉,,891,15.0
