구분,지형,구역A,구역A_ID,구역B,구역B_ID,근거,신뢰도,좌표검증,공격배수
도하,금강,충남 서천군,S149,전북 군산시,S154,금강하굿둑,높음,기준점 일치,0.9
도하,금강,충남 서천군,S149,전북 익산시,S153,웅포 부근(짧은 경계),보통,경계 형태 확인(웅포대교 인근 1.2km),0.9
도하,금강,충남 부여군,S147,전북 익산시,S153,웅포대교,높음,기준점 일치,0.9
도하,금강,충남 부여군,S147,충남 논산시,S141,황산대교(세도 ↔ 강경),높음,기준점 일치,0.9
도하,금강,충남 청양군,S151,충남 부여군,S147,청남면 부근,보통,기준점 일치,0.9
도하,금강,대전 대덕구,S070,충북 청주시,S126,대청댐 하류(신탄진 ↔ 현도),높음,기준점 일치,0.9
도하,금강,대전 동구,S069,충북 옥천군,S131,대청호,보통,기준점 일치,0.9
도하,낙동강,경북 예천군,S199,경북 의성군,S200,지보 ↔ 다인,보통,기준점 일치,0.9
도하,낙동강,경북 상주시,S197,경북 예천군,S199,삼강 부근,보통,경계 형태 확인(하천 따라 남북 13km),0.9
도하,낙동강,경북 상주시,S197,경북 의성군,S200,낙단교,보통,기준점 일치,0.9
도하,낙동강,경북 성주군,S202,대구 달성군,S046,선남 ↔ 하빈,보통,하천선 일치,0.9
도하,낙동강,경북 고령군,S205,대구 달성군,S046,강정고령보·다산 ↔ 논공,높음,하천선 일치,0.9
도하,낙동강,경북 고령군,S205,대구 달서구,S042,강정고령보 인근,보통,하천선 일치,0.9
도하,낙동강,경북 고령군,S205,경남 창녕군,S220,우곡 부근(짧은 경계),보통,하천선 일치,0.9
도하,낙동강,경남 합천군,S224,경남 창녕군,S220,덕곡 ↔ 이방,높음,하천선 일치,0.9
도하,낙동강,경남 의령군,S227,경남 창녕군,S220,낙서 ↔ 남지,높음,하천선 일치,0.9
도하,낙동강,경남 함안군,S219,경남 창녕군,S220,남강 합류부(칠서 ↔ 남지),높음,하천선 일치,0.9
도하,낙동강,경남 창녕군,S220,경남 창원시,S210,도천·길곡 ↔ 대산·북면,높음,하천선 일치,0.9
도하,낙동강,경남 창원시,S210,경남 밀양시,S217,대산·동읍 ↔ 하남·삼랑진,높음,경계 형태 확인(하천 따라 동서 11km),0.9
도하,낙동강,경남 김해시,S211,경남 밀양시,S217,생림 ↔ 삼랑진,높음,하천선 일치,0.9
도하,낙동강,경남 김해시,S211,경남 양산시,S212,상동·대동 ↔ 원동·물금,높음,기준점 일치,0.9
도하,낙동강,경남 김해시,S211,부산 북구,S030,대동 ↔ 금곡·화명,보통,하천선 일치,0.9
도하,낙동강,부산 강서구,S037,부산 북구,S030,화명대교,높음,하천선 일치,0.9
도하,낙동강,부산 강서구,S037,부산 사상구,S034,낙동대교,높음,기준점 일치,0.9
도하,낙동강,부산 강서구,S037,부산 사하구,S028,낙동강 하굿둑·을숙도,높음,기준점 일치,0.9
도하,남한강,강원 원주시,S108,충북 충주시,S127,부론 ↔ 앙성,보통,기준점 일치,0.9
도하,남한강,충북 충주시,S127,충북 제천시,S128,충주호,보통,기준점 일치,0.9
도하,남한강,충북 단양군,S136,충북 제천시,S128,충주호 상류,보통,기준점 일치,0.9
도하,남한강,경기 양평군,S102,경기 광주시,S091,두물머리 부근,보통,기준점 일치,0.9
도하,대동강,평양 중구역,N028,평양 대동강구역,N019,옥류교·대동교,높음,미검증(북한 경계 데이터 없음),0.9
도하,대동강,평양 모란봉구역,N026,평양 대동강구역,N019,능라도 부근,보통,미검증(북한 경계 데이터 없음),0.9
도하,대동강,평양 중구역,N028,평양 선교구역,N023,대동교 하류,보통,미검증(북한 경계 데이터 없음),0.9
도하,대동강,평양 평천구역,N021,평양 선교구역,N023,양각도 부근,보통,미검증(북한 경계 데이터 없음),0.9
도하,대동강,평양 만경대구역,N016,평양 락랑구역,N017,충성의 다리 부근,보통,미검증(북한 경계 데이터 없음),0.9
도하,대동강,남포 대안구역,N040,황북 송림시,N093,대안 ↔ 송림,보통,미검증(북한 경계 데이터 없음),0.9
도하,대동강,남포 항구구역,N036,황남 은률군,N119,하구(서해갑문),보통,미검증(북한 경계 데이터 없음),0.9
도하,북한강,경기 남양주시,S083,경기 양평군,S102,조안·화도 ↔ 서종·양서,높음,기준점 일치,0.9
도하,섬진강,전남 광양시,S169,경남 하동군,S223,섬진교,높음,기준점 일치,0.9
도하,섬진강,전남 구례군,S187,경남 하동군,S223,남도대교(화개장터),높음,기준점 일치,0.9
도하,섬진강,전남 곡성군,S186,전북 남원시,S158,금지 부근,보통,기준점 일치,0.9
도하,섬진강,전남 곡성군,S186,전북 순창군,S161,유등 부근,보통,기준점 일치,0.9
도하,섬진강,전북 임실군,S162,전북 정읍시,S156,옥정호,보통,기준점 근접(옥정호 2.8km),0.9
도하,압록강,평북 신의주시,N044,평북 신도군,N068,하구 수로(비단섬),보통,미검증(북한 경계 데이터 없음),0.9
도하,영산강,전남 목포시,S168,전남 영암군,S176,영산강 하굿둑,높음,기준점 일치,0.9
도하,영산강,전남 무안군,S171,전남 영암군,S176,영산호,높음,경계 형태 확인(영산호 따라 17km),0.9
도하,영산강,전남 나주시,S170,전남 무안군,S171,동강 ↔ 몽탄,보통,기준점 일치,0.9
도하,영산강,전남 함평군,S184,전남 나주시,S170,학교 ↔ 다시,보통,기준점 일치,0.9
도하,영산강,광주 서구,S063,광주 광산구,S062,극락교,보통,기준점 일치,0.9
도하,영산강,광주 북구,S061,광주 광산구,S062,산월 부근,보통,기준점 일치,0.9
도하,영산강,광주 남구,S064,광주 광산구,S062,승촌 부근,보통,기준점 일치,0.9
도하,예성강,황북 개성시,N090,황남 배천군,N113,예성강 하구(벽란도),높음,미검증(북한 경계 데이터 없음),0.9
도하,예성강,황북 금천군,N107,황남 배천군,N113,중류,보통,미검증(북한 경계 데이터 없음),0.9
도하,임진강,경기 연천군,S107,경기 파주시,S087,백학 ↔ 적성,보통,기준점 일치,0.9
도하,임진강,경기 파주시,S087,황북 개성시,N090,임진강 하구·한강 합류부,보통,남측 인접만 확인(북측 경계 데이터 없음),0.9
도하,청천강,평북 박천군,N059,평남 안주시,N072,"하류, 평북·평남 도 경계",보통,미검증(북한 경계 데이터 없음),0.9
도하,한강(본류),경기 남양주시,S083,경기 광주시,S091,팔당호,높음,기준점 일치,0.9
도하,한강(본류),경기 남양주시,S083,경기 하남시,S092,팔당대교·미사대교,높음,기준점 일치,0.9
도하,한강(본류),경기 구리시,S099,경기 하남시,S092,토평 ↔ 미사,보통,하천선 일치,0.9
도하,한강(본류),경기 구리시,S099,서울 강동구,S004,강동대교,높음,하천선 일치,0.9
도하,한강(본류),서울 광진구,S017,서울 강동구,S004,천호대교·광진교,높음,하천선 일치,0.9
도하,한강(본류),서울 광진구,S017,서울 송파구,S001,잠실대교,높음,기준점 일치,0.9
도하,한강(본류),서울 광진구,S017,서울 강남구,S002,청담대교·영동대교,높음,하천선 일치,0.9
도하,한강(본류),서울 성동구,S021,서울 강남구,S002,성수대교·동호대교,높음,하천선 일치,0.9
도하,한강(본류),서울 용산구,S023,서울 강남구,S002,한남대교,높음,하천선 일치,0.9
도하,한강(본류),서울 용산구,S023,서울 서초구,S010,반포대교,높음,하천선 일치,0.9
도하,한강(본류),서울 용산구,S023,서울 동작구,S014,동작대교·한강대교,높음,하천선 일치,0.9
도하,한강(본류),서울 용산구,S023,서울 영등포구,S013,원효대교,높음,하천선 일치,0.9
도하,한강(본류),서울 마포구,S015,서울 영등포구,S013,마포대교·서강대교·양화대교,높음,하천선 일치,0.9
도하,한강(본류),서울 마포구,S015,서울 강서구,S003,가양대교,높음,하천선 일치,0.9
도하,한강(본류),경기 고양시,S079,서울 강서구,S003,방화대교·행주대교,높음,하천선 일치,0.9
도하,한강(본류),경기 고양시,S079,경기 김포시,S089,김포대교·일산대교,높음,기준점 일치,0.9
도하,한강(본류),경기 김포시,S089,경기 파주시,S087,한강 하구,높음,경계 형태 확인(육지 연결 없음),0.9
도하,한강(본류),경기 김포시,S089,황북 개성시,N090,한강 하구 중립수역(조강),보통,남측 인접만 확인(북측 경계 데이터 없음),0.9
도하,한강(본류),인천 강화군,S060,황북 개성시,N090,한강·예성강 하구,보통,남측 인접만 확인(북측 경계 데이터 없음),0.9
산악 돌파,낭림산맥,자강 랑림군,N181,함남 장진군,N146,낭림산,보통,미검증(북한 경계 데이터 없음),0.9
산악 돌파,마천령산맥,함남 단천시,N132,함북 김책시,N152,마천령,높음,미검증(북한 경계 데이터 없음),0.9
산악 돌파,마천령산맥,양강 운흥군,N187,양강 백암군,N186,마천령산맥 북부,보통,미검증(북한 경계 데이터 없음),0.9
산악 돌파,소백산맥,강원 영월군,S120,경북 봉화군,S206,선달산,높음,능선선 일치,0.9
산악 돌파,소백산맥,강원 영월군,S120,경북 영주시,S195,마구령,보통,인접 확인,0.9
산악 돌파,소백산맥,경북 영주시,S195,충북 단양군,S136,소백산·죽령,높음,능선선 일치 · 고개·봉우리 좌표 일치(소백산),0.9
산악 돌파,소백산맥,경북 예천군,S199,충북 단양군,S136,저수령,보통,인접 확인,0.9
산악 돌파,소백산맥,경북 문경시,S198,충북 단양군,S136,벌재·황장산,높음,능선선 일치 · 고개·봉우리 좌표 일치(저수령),0.9
산악 돌파,소백산맥,경북 문경시,S198,충북 제천시,S128,대미산,높음,"능선선 일치 · 고개·봉우리 좌표 일치(벌재,대미산)",0.9
산악 돌파,소백산맥,경북 문경시,S198,충북 충주시,S127,하늘재,높음,능선선 일치 · 고개·봉우리 좌표 일치(하늘재),0.9
산악 돌파,소백산맥,경북 문경시,S198,충북 괴산군,S133,조령·이화령·희양산·대야산,높음,"능선선 일치 · 고개·봉우리 좌표 일치(조령,이화령,대야산)",0.9
산악 돌파,소백산맥,경북 상주시,S197,충북 괴산군,S133,청화산·조항산,보통,"고개·봉우리 좌표 일치(대야산,청화산)",0.9
산악 돌파,소백산맥,경북 상주시,S197,충북 보은군,S135,속리산 천왕봉·문장대,보통,고개·봉우리 좌표 일치(속리산),0.9
산악 돌파,소백산맥,경북 김천시,S193,충북 영동군,S132,추풍령·황악산,높음,"능선선 일치 · 고개·봉우리 좌표 일치(추풍령,황악산,삼도봉)",0.9
산악 돌파,소백산맥,경북 김천시,S193,전북 무주군,S164,삼도봉·부항령·대덕산,높음,능선선 일치 · 고개·봉우리 좌표 일치(삼도봉),0.9
산악 돌파,소백산맥,경남 거창군,S218,전북 무주군,S164,신풍령·덕유산,높음,"능선선 일치 · 고개·봉우리 좌표 일치(신풍령,향적봉)",0.9
산악 돌파,소백산맥,경남 거창군,S218,전북 장수군,S165,남덕유산(짧은 경계),보통,능선선 일치 · 고개·봉우리 좌표 일치(남덕유산),0.9
산악 돌파,소백산맥,경남 함양군,S225,전북 장수군,S165,육십령·남덕유산,높음,"능선선 일치 · 고개·봉우리 좌표 일치(남덕유산,육십령)",0.9
산악 돌파,소백산맥,경남 함양군,S225,경남 하동군,S223,벽소령(지리산 주능선),높음,능선선 일치 · 고개·봉우리 좌표 일치(벽소령),0.9
산악 돌파,소백산맥,경남 하동군,S223,전북 남원시,S158,반야봉 인근,보통,능선선 일치 · 고개·봉우리 좌표 일치(반야봉),0.9
산악 돌파,소백산맥,전남 구례군,S187,전북 남원시,S158,성삼재·노고단,보통,"고개·봉우리 좌표 일치(정령치,반야봉)",0.9
산악 돌파,태백산맥,강원 고성군,S112,강원 인제군,S122,진부령·미시령·향로봉,높음,"능선선 일치 · 고개·봉우리 좌표 일치(향로봉,진부령,미시령)",0.9
산악 돌파,태백산맥,강원 속초시,S114,강원 인제군,S122,미시령·대청봉,높음,"능선선 일치 · 고개·봉우리 좌표 일치(미시령,대청봉)",0.9
산악 돌파,태백산맥,강원 양양군,S123,강원 인제군,S122,한계령·점봉산,높음,"능선선 일치 · 고개·봉우리 좌표 일치(대청봉,점봉산,구룡령)",0.9
산악 돌파,태백산맥,강원 양양군,S123,강원 홍천군,S115,구룡령,높음,능선선 일치 · 고개·봉우리 좌표 일치(구룡령),0.9
산악 돌파,태백산맥,강원 강릉시,S110,강원 홍천군,S115,오대산 동쪽 능선,보통,능선선 일치,0.9
산악 돌파,태백산맥,강원 강릉시,S110,강원 평창군,S118,대관령·진고개,높음,"능선선 일치 · 고개·봉우리 좌표 일치(두로봉,대관령)",0.9
산악 돌파,태백산맥,강원 강릉시,S110,강원 정선군,S121,삽당령·석병산,높음,능선선 일치 · 고개·봉우리 좌표 일치(석병산),0.9
산악 돌파,태백산맥,강원 동해시,S113,강원 정선군,S121,백복령,높음,능선선 일치 · 고개·봉우리 좌표 일치(백복령),0.9
산악 돌파,태백산맥,강원 정선군,S121,강원 태백시,S119,함백산·만항재,보통,능선선 일치 · 고개·봉우리 좌표 일치(함백산),0.9
산악 돌파,태백산맥,강원 영월군,S120,강원 태백시,S119,화방재·태백산,보통,"능선선 일치 · 고개·봉우리 좌표 일치(함백산,태백산)",0.9
산악 돌파,태백산맥,경북 봉화군,S206,경북 울진군,S201,통고산(낙동정맥),보통,고개·봉우리 좌표 일치(통고산),0.9
산악 돌파,태백산맥,경북 영덕군,S204,경북 영양군,S208,창수령,높음,능선선 일치 · 고개·봉우리 좌표 일치(창수령),0.9
산악 돌파,태백산맥,경북 영덕군,S204,경북 청송군,S207,황장재,높음,능선선 일치 · 고개·봉우리 좌표 일치(황장재),0.9
산악 돌파,태백산맥,경북 청송군,S207,경북 포항시,S188,가사령,보통,능선선 일치 · 고개·봉우리 좌표 일치(가사령),0.9
산악 돌파,태백산맥,울산 울주군,S072,경남 밀양시,S217,가지산·배내고개,높음,능선선 일치 · 고개·봉우리 좌표 일치(가지산),0.9
산악 돌파,태백산맥,울산 울주군,S072,경북 청도군,S203,운문령·가지산,높음,능선선 일치 · 고개·봉우리 좌표 일치(가지산),0.9
산악 돌파,태백산맥,강원 고성군,S112,강원 금강군,N011,금강산(온정령),보통,남측 인접만 확인(북측 경계 데이터 없음),0.9
산악 돌파,함경산맥,함남 신흥군,N141,함남 부전군,N148,부전령,보통,미검증(북한 경계 데이터 없음),0.9
산악 돌파,함경산맥,함남 북청군,N135,양강 김형권군,N192,후치령,보통,미검증(북한 경계 데이터 없음),0.9
산악 돌파,함경산맥,함북 김책시,N152,양강 백암군,N186,함경산맥 동부,보통,미검증(북한 경계 데이터 없음),0.9
산악 돌파,함경산맥,함북 경성군,N158,함북 연사군,N165,관모봉,보통,미검증(북한 경계 데이터 없음),0.9
